cell,method,price,target,a,b,estimate,ci_low,ci_high,ratio_of_geometric_means,t_ci_low,t_ci_high,seeds_favouring_a
m4,loglog,real,gap10%,costate_critic,direct,0.06588497736488744,-0.0169386618963223,0.1317323917623573,1.0681038539802463,-0.031757448117699455,0.16352740284747433,1
m4,loglog,real,gap10%,costate_critic,costate_randomised,-0.01766738019197427,-0.09602325440236513,0.056617866133601695,0.9824877729095114,-0.108639847635292,0.07330508725134346,4
m4,loglog,real,gap10%,costate_critic,uniform_pass,2.3321295717496437,2.2687131180488853,2.3982348867465504,10.299852469151332,2.2852216786803794,2.379037464818908,0
m4,loglog,real,gap10%,direct,uniform_pass,2.266244594384756,2.1997517388727665,2.3370826126949233,9.643118907182425,2.2042932364197894,2.3281959523497227,0
m4,loglog,real,gap10%,costate_critic,cheap,2.347199798144985,2.284484795080321,2.408881949873159,10.456249083948764,2.3002919050757216,2.3941076912142494,0
m4,loglog,real,gap10%,direct,cheap,2.2813148207800977,2.2096117834876643,2.3539720445860515,9.789543446532816,2.2193634628151306,2.343266178745064,0
m4,loglog,real,gap10%,costate_critic,cheap_adjoint,2.529740599015781,2.4731705373392066,2.5887045186404904,12.550250167140087,2.4828327059465165,2.576648492085045,0
m4,loglog,real,gap10%,direct,cheap_adjoint,2.4638556216508936,2.4065949776366695,2.5284972983131064,11.750027977496833,2.4019042636859274,2.5258069796158606,0
m4,loglog,real,gap10%,costate_randomised,direct,0.0835523575568617,0.029812305746544594,0.13648533318613112,1.0871421339088974,0.02272675587906947,0.14437795923465396,0
m4,loglog,real,gap10%,costate_critic,adjoint_free,3.1489017490290148,3.0824698308282246,3.2159815394648,23.310449793664837,3.1019938559597504,3.195809642098279,0
m4,loglog,real,gap10%,direct,adjoint_free,3.083016771664128,3.012986577133398,3.158505201362053,21.824141638286754,3.0210654136991604,3.1449681296290937,0
m4,loglog,real,gap10%,cheap_adjoint,uniform_pass,-0.19761102726613752,-0.23734616898129698,-0.15632754573781305,0.8206890167113241,-0.19761102726613755,-0.19761102726613755,5
m4,loglog,real,gap10%,cheap,uniform_pass,-0.01507022639534159,-0.06243825814785481,0.03604192065676694,0.9850427611716407,-0.01507022639534159,-0.01507022639534159,5
m4,loglog,real,gap3%,costate_critic,direct,0.09714820160658814,0.018935883438833748,0.16831559466436288,1.102023683199689,-0.0029967240680111445,0.19729312728118742,1
m4,loglog,real,gap3%,costate_critic,costate_randomised,-0.028364988656925227,-0.1201827550341082,0.055941556609265135,0.9720335208385533,-0.14895404003003274,0.09222406271618229,3
m4,loglog,real,gap3%,costate_critic,uniform_pass,2.0800248177267533,2.011776830007231,2.152599646492704,8.004667569483747,2.013092741326454,2.1469568941270527,0
m4,loglog,real,gap3%,direct,uniform_pass,1.9828766161201654,1.9168459387570551,2.0490773121185155,7.263607571701602,1.9238334578121417,2.0419197744281883,0
m4,loglog,real,gap3%,costate_critic,cheap,2.368420676480936,2.309532302312989,2.431141631872533,10.680510974917294,2.301488600080637,2.435352752881235,0
m4,loglog,real,gap3%,direct,cheap,2.271272474874348,2.2080606593536736,2.3359117223882695,9.691725448138088,2.212229316566325,2.330315633182372,0
m4,loglog,real,gap3%,costate_critic,cheap_adjoint,2.534445286054207,2.473976551385854,2.596961132040341,12.609434278626079,2.467513209653908,2.601377362454506,0
m4,loglog,real,gap3%,direct,cheap_adjoint,2.4372970844476187,2.380334293922263,2.4956377625646375,11.442071954402111,2.378253926139595,2.4963402427556423,0
m4,loglog,real,gap3%,costate_randomised,direct,0.12551319026351337,0.06070159232307338,0.18653984536185736,1.1337301230609784,0.04080795553991516,0.21021842498711152,0
m4,loglog,real,gap3%,costate_critic,adjoint_free,3.172172806652858,3.103975863307031,3.2430440380104972,23.859269656174455,3.1052407302525578,3.2391048830531566,0
m4,loglog,real,gap3%,direct,adjoint_free,3.0750246050462686,3.0082755244240924,3.1446215220920926,21.65041461441176,3.015981446738246,3.134067763354292,0
m4,loglog,real,gap3%,cheap_adjoint,uniform_pass,-0.45442046832745353,-0.5043187704885904,-0.40276822380323174,0.6348157572027041,-0.4544204683274534,-0.4544204683274534,5
m4,loglog,real,gap3%,cheap,uniform_pass,-0.28839585875418317,-0.33581492973652954,-0.23708358535948684,0.74946485128683,-0.28839585875418317,-0.28839585875418317,5
m4,loglog,real,gap1%,costate_critic,direct,0.09675326370404035,0.023391617608115794,0.17411309463145666,1.101588538210969,0.010342246262869434,0.18316428114521127,0
m4,loglog,real,gap1%,costate_critic,costate_randomised,-0.043519619517969996,-0.12226001013049119,0.03215318879046571,0.9574137699100358,-0.13677285156094982,0.049733612525009824,3
m4,loglog,real,gap1%,costate_critic,uniform_pass,1.9122890523635363,1.8398022205482152,1.993742637618029,6.768564678198709,1.8503709867707148,1.9742071179563565,0
m4,loglog,real,gap1%,direct,uniform_pass,1.8155357886594956,1.7515598381385955,1.8841628997257205,6.144367378033155,1.761543322725564,1.8695282545934273,0
m4,loglog,real,gap1%,costate_critic,cheap,2.3539563739008567,2.293051933268818,2.41797154710088,10.527136732213558,2.292038308308036,2.4158744394936775,0
m4,loglog,real,gap1%,direct,cheap,2.2572031101968166,2.1921418075884134,2.3246576808547417,9.55632376977172,2.2032106442628843,2.311195576130749,0
m4,loglog,real,gap1%,costate_critic,cheap_adjoint,2.470000261306419,2.389380437727335,2.548507091199451,11.822449940928013,2.408082195713598,2.53191832689924,0
m4,loglog,real,gap1%,direct,cheap_adjoint,2.3732469976023784,2.2915376092073263,2.453698319253002,10.732183143561228,2.3192545316684465,2.4272394635363104,0
m4,loglog,real,gap1%,costate_randomised,direct,0.14027288322201034,0.07831092326197582,0.20495328500381885,1.1505877321092641,0.06220535732696213,0.2183404091170585,0
m4,loglog,real,gap1%,costate_critic,adjoint_free,3.090897195243199,3.0063685203741253,3.1735390559441425,21.99680455355531,3.0289791296503785,3.1528152608360203,0
m4,loglog,real,gap1%,direct,adjoint_free,2.994143931539159,2.9073925269168552,3.0795198252157965,19.968258374655164,2.940151465605227,3.048136397473091,0
m4,loglog,real,gap1%,cheap_adjoint,uniform_pass,-0.5577112089428831,-0.6315478126532906,-0.4806758320545327,0.5725179393457767,-0.5577112089428832,-0.5577112089428832,5
m4,loglog,real,gap1%,cheap,uniform_pass,-0.44166732153732086,-0.4923333759800747,-0.38739765889430783,0.6429634999882317,-0.44166732153732086,-0.44166732153732086,5
m4,loglog,lookup,gap10%,costate_critic,direct,0.01510329156882805,-0.10517440315176593,0.10489027815389375,1.0152179226520832,-0.13173652427244217,0.1619431074100983,1
m4,loglog,lookup,gap10%,costate_critic,costate_randomised,0.01567865079452278,-0.06895821656405678,0.09558419275390316,1.0158022057201803,-0.09466652748005429,0.12602382906909984,1
m4,loglog,lookup,gap10%,teacher_feature,direct,-0.07865546336459517,-0.1551957166950887,-0.013868998644380634,0.9243583449022414,-0.1614795591381063,0.004168632408915976,5
m4,loglog,lookup,gap10%,costate_critic,uniform_pass,-0.13000648222987468,-0.20293981380098078,-0.06108749408291866,0.8780897389225746,-0.19643100409953457,-0.0635819603602148,5
m4,loglog,lookup,gap10%,direct,uniform_pass,-0.1451097737987027,-0.22545080679110296,-0.04794634148417309,0.8649273415393567,-0.22861119611106745,-0.06160835148633802,5
m4,loglog,lookup,gap10%,costate_critic,cheap,-0.11493625583453308,-0.1797049129796048,-0.05388777515448253,0.8914229651087909,-0.18136077770419295,-0.0485117339648732,5
m4,loglog,lookup,gap10%,direct,cheap,-0.13003954740336116,-0.2031337149055947,-0.04146522318289752,0.8780607052130254,-0.21354096971572586,-0.046538125090996446,5
m4,loglog,lookup,gap10%,costate_critic,cheap_adjoint,0.06760454503626287,0.0060304798891431186,0.12498627359728084,1.0699421108878335,0.0011800231666029837,0.13402906690592276,1
m4,loglog,lookup,gap10%,direct,cheap_adjoint,0.052501253467434825,-0.011375941965084044,0.13736881511692062,1.0539038831119063,-0.031000168844929885,0.13600267577979952,0
m4,loglog,lookup,gap10%,teacher_feature,cheap_adjoint,-0.02615420989716034,-0.06219580430462051,0.009251125608324471,0.9741848490793671,-0.05823406486919398,0.005925645074873299,5
m4,loglog,lookup,gap10%,costate_randomised,direct,-0.0005753592256947293,-0.06080769944130006,0.05310904105661284,0.9994248062616848,-0.05569144293138841,0.05454072447999895,2
m4,loglog,lookup,gap10%,costate_critic,adjoint_free,0.6867656950494969,0.622020813489582,0.748296547880809,1.9872776658492748,0.6203411731798373,0.7531902169191568,0
m4,loglog,lookup,gap10%,direct,adjoint_free,0.6716624034806691,0.6017841330016702,0.7600903348011765,1.9574887534075955,0.5881609811683042,0.7551638257930338,0
m4,loglog,lookup,gap10%,teacher_feature,uniform_pass,-0.22376523716329788,-0.2794785701405079,-0.1678365963408949,0.7995028058860154,-0.2558450921353315,-0.19168538219126424,5
m4,loglog,lookup,gap10%,cheap_adjoint,uniform_pass,-0.19761102726613752,-0.23734616898129698,-0.15632754573781305,0.8206890167113241,-0.19761102726613755,-0.19761102726613755,5
m4,loglog,lookup,gap10%,cheap,uniform_pass,-0.01507022639534159,-0.06243825814785481,0.03604192065676694,0.9850427611716407,-0.01507022639534159,-0.01507022639534159,5
m4,loglog,lookup,gap3%,costate_critic,direct,0.033989241753754874,-0.06650166838809747,0.11256582305166828,1.0345734764720285,-0.09122117843982107,0.15919966194733082,1
m4,loglog,lookup,gap3%,costate_critic,costate_randomised,0.028275897334684226,-0.04516840148964288,0.0954971469055769,1.0286794551937575,-0.067042882746657,0.12359467741602546,1
m4,loglog,lookup,gap3%,teacher_feature,direct,-0.08060512350330763,-0.1482418165316412,-0.020622292855961556,0.9225579159658763,-0.16007676337166912,-0.0011334836349461141,4
m4,loglog,lookup,gap3%,costate_critic,uniform_pass,-0.3634817330779707,-0.43246120249827896,-0.29282817193581817,0.6952514272037764,-0.4339240480013604,-0.293039418154581,5
m4,loglog,lookup,gap3%,direct,uniform_pass,-0.39747097483172567,-0.4705941008741475,-0.3128170649932549,0.6720174477840228,-0.4701039665424377,-0.32483798312101353,5
m4,loglog,lookup,gap3%,costate_critic,cheap,-0.07508587432378755,-0.13127391823484497,-0.016322955702711767,0.9276638204046938,-0.14552818924717725,-0.004643559400397859,5
m4,loglog,lookup,gap3%,direct,cheap,-0.10907511607754243,-0.1685979252671973,-0.037260213201805614,0.8966630611564638,-0.18170810778825452,-0.03644212436683032,5
m4,loglog,lookup,gap3%,costate_critic,cheap_adjoint,0.09093873524948279,0.03317359470891501,0.14945140070151508,1.0952019059315417,0.0204964203260931,0.16138105017287246,0
m4,loglog,lookup,gap3%,direct,cheap_adjoint,0.05694949349572792,0.002107503791650155,0.12546702706968543,1.0586023427415332,-0.015683498214984173,0.12958248520644006,1
m4,loglog,lookup,gap3%,teacher_feature,cheap_adjoint,-0.023655630007579705,-0.05154072457855646,0.004837247133809834,0.9766219711562232,-0.03979178352981039,-0.007519476485349022,5
m4,loglog,lookup,gap3%,costate_randomised,direct,0.005713344419070649,-0.040914620070495594,0.05190197718027346,1.0057296966985316,-0.03562736512203931,0.04705405396018061,2
m4,loglog,lookup,gap3%,costate_critic,adjoint_free,0.7286662558481335,0.6660485719948026,0.7908393475982574,2.0723148258816293,0.6582239409247438,0.7991085707715232,0
m4,loglog,lookup,gap3%,direct,adjoint_free,0.6946770140943783,0.6343930915631484,0.7672282427764411,2.003062008653435,0.6220440223836665,0.7673100058050906,0
m4,loglog,lookup,gap3%,teacher_feature,uniform_pass,-0.4780760983350333,-0.5311642791301756,-0.42296164424337307,0.6199750161203352,-0.49421225185726386,-0.4619399448128025,5
m4,loglog,lookup,gap3%,cheap_adjoint,uniform_pass,-0.45442046832745353,-0.5043187704885904,-0.40276822380323174,0.6348157572027041,-0.4544204683274534,-0.4544204683274534,5
m4,loglog,lookup,gap3%,cheap,uniform_pass,-0.28839585875418317,-0.33581492973652954,-0.23708358535948684,0.74946485128683,-0.28839585875418317,-0.28839585875418317,5
m4,loglog,lookup,gap1%,costate_critic,direct,0.04716649505374773,-0.03262247438363852,0.11944307102497703,1.0482965307379848,-0.04055956421373595,0.13489255432123143,1
m4,loglog,lookup,gap1%,costate_critic,costate_randomised,0.03023685232841661,-0.03294385803688621,0.0911438056325312,1.0306986284152408,-0.039727122549153365,0.10020082720598658,1
m4,loglog,lookup,gap1%,teacher_feature,direct,-0.05518463563907521,-0.11825387087987041,0.007351835517820595,0.9463104091953138,-0.11793869733320687,0.0075694260550564635,5
m4,loglog,lookup,gap1%,costate_critic,uniform_pass,-0.5023996169222315,-0.5749196222600131,-0.42236747787304585,0.605076963332503,-0.5599486632915002,-0.4448505705529629,5
m4,loglog,lookup,gap1%,direct,uniform_pass,-0.5495661119759793,-0.6186888460790464,-0.4700691047338232,0.5772001963094717,-0.6070621130054344,-0.4920701109465243,5
m4,loglog,lookup,gap1%,costate_critic,cheap,-0.060732295384910664,-0.11617368765093816,-0.0032996366847077014,0.9410751362146963,-0.11828134175417934,-0.0031832490156419938,5
m4,loglog,lookup,gap1%,direct,cheap,-0.1078987904386584,-0.15870346400081284,-0.0490887066305274,0.897718449523241,-0.16539479146811348,-0.05040278940920329,5
m4,loglog,lookup,gap1%,costate_critic,cheap_adjoint,0.0553115920206516,-0.020413073575135266,0.13028461801211225,1.0568698755953951,-0.0022374543486170725,0.11286063838992028,0
m4,loglog,lookup,gap1%,direct,cheap_adjoint,0.008145096966903864,-0.06254502721016243,0.07781221590963029,1.0081783585140502,-0.04935090406255123,0.06564109799635895,3
m4,loglog,lookup,gap1%,teacher_feature,cheap_adjoint,-0.047039538672171345,-0.10993531816330396,0.0133832760463701,0.9540496749872908,-0.08385406901207831,-0.010225008332264383,5
m4,loglog,lookup,gap1%,costate_randomised,direct,0.016929642725331123,-0.023584818512991355,0.05741786033487858,1.0170737612698697,-0.012665467864320143,0.04652475331498239,1
m4,loglog,lookup,gap1%,costate_critic,adjoint_free,0.6762085259574323,0.5966491073280129,0.7534680114693963,1.9664079956499596,0.6186594795881634,0.7337575723267008,0
m4,loglog,lookup,gap1%,direct,adjoint_free,0.6290420309036844,0.5550127265024503,0.7009941529744114,1.8758127476255577,0.5715460298742293,0.6865380319331394,0
m4,loglog,lookup,gap1%,teacher_feature,uniform_pass,-0.6047507476150545,-0.6707517246519088,-0.5308100057618559,0.5462105539572316,-0.6415652779549615,-0.5679362172751475,5
m4,loglog,lookup,gap1%,cheap_adjoint,uniform_pass,-0.5577112089428831,-0.6315478126532906,-0.4806758320545327,0.5725179393457767,-0.5577112089428832,-0.5577112089428832,5
m4,loglog,lookup,gap1%,cheap,uniform_pass,-0.44166732153732086,-0.4923333759800747,-0.38739765889430783,0.6429634999882317,-0.44166732153732086,-0.44166732153732086,5
m4,semilog,real,gap10%,costate_critic,direct,0.06471172842176749,-0.017726987427153184,0.1301333508546381,1.0668514371044737,-0.03220357179909333,0.16162702864262835,1
m4,semilog,real,gap10%,costate_critic,costate_randomised,-0.02082627190944282,-0.10059802589693632,0.05504948127491457,0.9793890971883912,-0.1144676528754294,0.07281510905654376,4
m4,semilog,real,gap10%,costate_critic,uniform_pass,2.2983817190557168,2.235969057277765,2.3635228404524353,9.95805447873118,2.2523641650782227,2.344399273033211,0
m4,semilog,real,gap10%,direct,uniform_pass,2.2336699906339494,2.167249428562849,2.3043909949323504,9.33405920674222,2.171440431869145,2.295899549398755,0
m4,semilog,real,gap10%,costate_critic,cheap,2.349522082385203,2.286631834666253,2.4114027312111244,10.48055968354377,2.3035045284077094,2.3955396363626966,0
m4,semilog,real,gap10%,direct,cheap,2.2848103539634352,2.2121610337378725,2.3582069036830813,9.823822998250728,2.2225807951986307,2.3470399127282406,0
m4,semilog,real,gap10%,costate_critic,cheap_adjoint,2.5302909531037425,2.474407043624716,2.5883637607600694,12.557159149643507,2.4842733991262484,2.5763085070812366,0
m4,semilog,real,gap10%,direct,cheap_adjoint,2.465579224681975,2.407829464614967,2.5298315614540594,11.770297824901203,2.4033496659171703,2.52780878344678,0
m4,semilog,real,gap10%,costate_randomised,direct,0.08553800033121033,0.03193457986744991,0.13886206797949696,1.0893029544306418,0.024649289692962005,0.1464267109694586,0
m4,semilog,real,gap10%,costate_critic,adjoint_free,3.1502430241284913,3.0837585570596033,3.217343039536299,23.341736496878212,3.1042254701509977,3.196260578105985,0
m4,semilog,real,gap10%,direct,adjoint_free,3.0855312957067236,3.0145217810179843,3.161486387460534,21.87908802019303,3.0233017369419186,3.1477608544715285,0
m4,semilog,real,gap10%,cheap_adjoint,uniform_pass,-0.2319092340480256,-0.2716493774840037,-0.19025203079001826,0.7930180990828556,-0.2319092340480256,-0.2319092340480256,5
m4,semilog,real,gap10%,cheap,uniform_pass,-0.051140363329486106,-0.09807141987987877,-0.0007333357640449022,0.9501452956149841,-0.051140363329486106,-0.051140363329486106,5
m4,semilog,real,gap3%,costate_critic,direct,0.09373472840487825,0.016033022244441128,0.16402930708165925,1.0982683678699061,-0.0055215494659105885,0.19299100627566707,1
m4,semilog,real,gap3%,costate_critic,costate_randomised,-0.031921306693631094,-0.12416963356049783,0.05385428972360992,0.9685828000632647,-0.15460095478002034,0.09075834139275817,3
m4,semilog,real,gap3%,costate_critic,uniform_pass,2.044940863073781,1.9776979951469809,2.1166811089487036,7.728701472746536,1.9788361136915422,2.1110456124560186,0
m4,semilog,real,gap3%,direct,uniform_pass,1.9512061346689027,1.8842058490629778,2.0176321853727357,7.037170238942937,1.889345160342298,2.013067108995507,0
m4,semilog,real,gap3%,costate_critic,cheap,2.3681055609355126,2.31008039110603,2.430075217437146,10.677145910095993,2.302000811553275,2.4342103103177513,0
m4,semilog,real,gap3%,direct,cheap,2.2743708325306344,2.210047350099682,2.3396999738002933,9.721800447375482,2.212509858204031,2.336231806857239,0
m4,semilog,real,gap3%,costate_critic,cheap_adjoint,2.5326294237451528,2.473044804182209,2.593900986980684,12.586558058499898,2.466524674362915,2.5987341731273905,0
m4,semilog,real,gap3%,direct,cheap_adjoint,2.438894695340274,2.3805947931007116,2.498064204691855,11.460366543116915,2.37703372101367,2.5007556696668782,0
m4,semilog,real,gap3%,costate_randomised,direct,0.12565603509850934,0.058999667075488926,0.1872010547901146,1.1338920821205691,0.038309783099255784,0.2130022870977629,0
m4,semilog,real,gap3%,costate_critic,adjoint_free,3.1667994785070386,3.098950789709221,3.237356753284953,23.731409795124947,3.1006947291247995,3.232904227889276,0
m4,semilog,real,gap3%,direct,adjoint_free,3.0730647501021595,3.0043431693597378,3.1441728380268184,21.608024495098633,3.011203775775556,3.134925724428764,0
m4,semilog,real,gap3%,cheap_adjoint,uniform_pass,-0.487688560671372,-0.5382544937660487,-0.4358771937234104,0.6140440807427272,-0.4876885606713719,-0.4876885606713719,5
m4,semilog,real,gap3%,cheap,uniform_pass,-0.32316469786173213,-0.36960536139969014,-0.27264728771795377,0.7238546272406469,-0.3231646978617321,-0.3231646978617321,5
m4,semilog,real,gap1%,costate_critic,direct,0.09329387163484139,0.021158807495153746,0.16792191672385998,1.0977842955357364,0.009621331713609266,0.17696641155607354,0
m4,semilog,real,gap1%,costate_critic,costate_randomised,-0.04540328878771096,-0.12447998143553232,0.030406892227089602,0.9556120164997446,-0.14006765962683207,0.04926108205141016,3
m4,semilog,real,gap1%,costate_critic,uniform_pass,1.8829864210314513,1.8104203770950975,1.964528814641244,6.573105640461741,1.8223843692830075,1.943588472779896,0
m4,semilog,real,gap1%,direct,uniform_pass,1.78969254939661,1.7247387305443713,1.8591425428956723,5.987611288658453,1.7357645960672214,1.8436205027259995,0
m4,semilog,real,gap1%,costate_critic,cheap,2.3513171485867246,2.291152164683721,2.414041870607655,10.499389877670934,2.29071509683828,2.411919200335169,0
m4,semilog,real,gap1%,direct,cheap,2.2580232769518833,2.193312675404923,2.3251195626216705,9.564164763850139,2.204095323622494,2.311951230281272,0
m4,semilog,real,gap1%,costate_critic,cheap_adjoint,2.4663475013852123,2.3871167635667843,2.5434807533991672,11.779344145103803,2.405745449636768,2.5269495531336568,0
m4,semilog,real,gap1%,direct,cheap_adjoint,2.373053629750371,2.291904333239697,2.4524469387914376,10.730108084990682,2.3191256764209816,2.4269815830797596,0
m4,semilog,real,gap1%,costate_randomised,direct,0.13869716042255234,0.07771595831849065,0.20208535782116627,1.1487761524355316,0.061616934754519806,0.2157773860905849,0
m4,semilog,real,gap1%,costate_critic,adjoint_free,3.0814803151292485,2.998207042870884,3.162526418595555,21.79063554017166,3.0208782633808036,3.1420823668776925,0
m4,semilog,real,gap1%,direct,adjoint_free,2.9881864434944068,2.9025166454302544,3.071969086426785,19.849651364831626,2.9342584901650186,3.042114396823796,0
m4,semilog,real,gap1%,cheap_adjoint,uniform_pass,-0.5833610803537606,-0.6567657934974395,-0.5065420123475767,0.5580196621722712,-0.5833610803537603,-0.5833610803537603,5
m4,semilog,real,gap1%,cheap,uniform_pass,-0.4683307275552729,-0.5190094783386238,-0.41488447539768264,0.6260464386069495,-0.46833072755527294,-0.46833072755527294,5
m4,semilog,lookup,gap10%,costate_critic,direct,0.016471520061194508,-0.10214640100509077,0.10518992360697231,1.016607923442314,-0.1281717018347508,0.16111474195713982,1
m4,semilog,lookup,gap10%,costate_critic,costate_randomised,0.01593475475033289,-0.06709713022815228,0.09476877925888724,1.0160623899990753,-0.09140562320445215,0.12327513270511793,1
m4,semilog,lookup,gap10%,teacher_feature,direct,-0.07859370423473167,-0.1545751086918117,-0.013541531757777545,0.9244154342321802,-0.16095299996383297,0.003765591494369641,5
m4,semilog,lookup,gap10%,costate_critic,uniform_pass,-0.16310121737043448,-0.2346130906764237,-0.09525487281240355,0.84950519938042,-0.22878665427707523,-0.09741578046379373,5
m4,semilog,lookup,gap10%,direct,uniform_pass,-0.17957273743162896,-0.25857121213851,-0.08366418622575661,0.8356271673586105,-0.2615827733701756,-0.09756270149308238,5
m4,semilog,lookup,gap10%,costate_critic,cheap,-0.1119608540409484,-0.17615678045727792,-0.051388866625522285,0.8940792564052801,-0.1776462909475891,-0.04627541713430765,5
m4,semilog,lookup,gap10%,direct,cheap,-0.1284323741021429,-0.200821714323436,-0.04038867251858249,0.8794730355611018,-0.21044241004068948,-0.046422338163596255,5
m4,semilog,lookup,gap10%,costate_critic,cheap_adjoint,0.06880801667759111,0.008344125591253627,0.1258559474031043,1.0712305310091828,0.0031225797709503594,0.13449345358423181,1
m4,semilog,lookup,gap10%,direct,cheap_adjoint,0.05233649661639659,-0.010871224776412435,0.13603960087741973,1.053730259530058,-0.02967353932215002,0.1343465325549432,0
m4,semilog,lookup,gap10%,teacher_feature,cheap_adjoint,-0.02625720761833507,-0.061942879878096734,0.008644004931420025,0.9740845154270664,-0.05834392899344422,0.005829513756774093,4
m4,semilog,lookup,gap10%,costate_randomised,direct,0.0005367653108616199,-0.05960716439306048,0.05373275952775865,1.0005369093951397,-0.05512031297151842,0.056193843593241664,2
m4,semilog,lookup,gap10%,costate_critic,adjoint_free,0.6887600877023398,0.6238134045928315,0.7504227818035933,1.9912450327538556,0.623074650795699,0.7544455246089805,0
m4,semilog,lookup,gap10%,direct,adjoint_free,0.6722885676411454,0.6032880463120598,0.7601055925287188,1.9587148465372417,0.5902785317025987,0.7542986035796919,0
m4,semilog,lookup,gap10%,teacher_feature,uniform_pass,-0.2581664416663607,-0.3133991131069633,-0.20309416741416808,0.7724666507700166,-0.2902531630414698,-0.2260797202912515,5
m4,semilog,lookup,gap10%,cheap_adjoint,uniform_pass,-0.2319092340480256,-0.2716493774840037,-0.19025203079001826,0.7930180990828556,-0.2319092340480256,-0.2319092340480256,5
m4,semilog,lookup,gap10%,cheap,uniform_pass,-0.051140363329486106,-0.09807141987987877,-0.0007333357640449022,0.9501452956149841,-0.051140363329486106,-0.051140363329486106,5
m4,semilog,lookup,gap3%,costate_critic,direct,0.03455175253924641,-0.0646181270776878,0.1127610182864236,1.0351555989206558,-0.08930005482667412,0.1584035599051669,1
m4,semilog,lookup,gap3%,costate_critic,costate_randomised,0.027070714881727395,-0.04594995584521494,0.09457151214302706,1.0274404555249377,-0.06815918508313357,0.12230061484658836,1
m4,semilog,lookup,gap3%,teacher_feature,direct,-0.07923466022788672,-0.14845770053721108,-0.016925313780069343,0.9238231144651746,-0.16331190454697803,0.004842584091204596,4
m4,semilog,lookup,gap3%,costate_critic,uniform_pass,-0.39700966404585997,-0.46549079639840735,-0.3273466782788795,0.6723275281971961,-0.4673454818470944,-0.32667384624462575,5
m4,semilog,lookup,gap3%,direct,uniform_pass,-0.4315614165851063,-0.5038782875532755,-0.3473970509907865,0.6494941715991528,-0.504189500856133,-0.35893333231407987,5
m4,semilog,lookup,gap3%,costate_critic,cheap,-0.07384496618412792,-0.12978928386839553,-0.0155345436286463,0.9288156805187894,-0.14418078398536222,-0.003509148382893623,5
m4,semilog,lookup,gap3%,direct,cheap,-0.10839671872337435,-0.1684898971171102,-0.03635490527406742,0.8972715613838675,-0.18102480299440088,-0.035768634452347806,5
m4,semilog,lookup,gap3%,costate_critic,cheap_adjoint,0.09067889662551191,0.0331781536258525,0.14894823316610012,1.0949173671440187,0.020343078824277633,0.1610147144267462,0
m4,semilog,lookup,gap3%,direct,cheap_adjoint,0.056127144086265505,0.0011652068732420893,0.12410679609986808,1.0577321595764693,-0.01650094018476103,0.12875522835729206,1
m4,semilog,lookup,gap3%,teacher_feature,cheap_adjoint,-0.02310751614162121,-0.05139470891121939,0.00593074969640673,0.9771574179299088,-0.042500461764137715,-0.0037145705191047006,4
m4,semilog,lookup,gap3%,costate_randomised,direct,0.007481037657519014,-0.03936991122317937,0.05395954088726969,1.0075090905309703,-0.035332571040360805,0.050294646355398834,2
m4,semilog,lookup,gap3%,costate_critic,adjoint_free,0.7248489513873975,0.6622000462113544,0.7875194056263656,2.064419248751379,0.6545131335861631,0.7951847691886318,0
m4,semilog,lookup,gap3%,direct,adjoint_free,0.6902971988481511,0.6296822928880214,0.7626612333269901,1.9943081512614373,0.6176691145771244,0.7629252831191774,0
m4,semilog,lookup,gap3%,teacher_feature,uniform_pass,-0.5107960768129932,-0.5639226933557256,-0.4563418753053382,0.6000177284337078,-0.5301890224355096,-0.4914031311904766,5
m4,semilog,lookup,gap3%,cheap_adjoint,uniform_pass,-0.487688560671372,-0.5382544937660487,-0.4358771937234104,0.6140440807427272,-0.4876885606713719,-0.4876885606713719,5
m4,semilog,lookup,gap3%,cheap,uniform_pass,-0.32316469786173213,-0.36960536139969014,-0.27264728771795377,0.7238546272406469,-0.3231646978617321,-0.3231646978617321,5
m4,semilog,lookup,gap1%,costate_critic,direct,0.048140406946321414,-0.031098240214411186,0.12049837986660239,1.049317976514572,-0.038893088312589516,0.13517390220523234,1
m4,semilog,lookup,gap1%,costate_critic,costate_randomised,0.029691974472845127,-0.03432329614145294,0.0919814472538073,1.0301371765320895,-0.042278907772073625,0.10166285671776387,1
m4,semilog,lookup,gap1%,teacher_feature,direct,-0.05471402644450617,-0.11856273182395957,0.008171109283965031,0.9467558563823473,-0.11901184724206078,0.009583794353048444,4
m4,semilog,lookup,gap1%,costate_critic,uniform_pass,-0.5276933109861575,-0.6006081436655479,-0.4475903554440664,0.5899642654289794,-0.5864665460158184,-0.4689200759564967,5
m4,semilog,lookup,gap1%,direct,uniform_pass,-0.575833717932479,-0.6454810404398114,-0.4969940108246335,0.5622359271768241,-0.6322686669201305,-0.5193987689448274,5
m4,semilog,lookup,gap1%,costate_critic,cheap,-0.05936258343088471,-0.11517825864440345,-0.001380965183117316,0.9423650212622267,-0.11813581846054555,-0.0005893484012238631,4
m4,semilog,lookup,gap1%,direct,cheap,-0.10750299037720612,-0.1579751015505973,-0.04942437189538227,0.898073836867256,-0.16393793936485768,-0.05106804138955463,5
m4,semilog,lookup,gap1%,costate_critic,cheap_adjoint,0.055667769367602926,-0.020055217023929265,0.13105843609382684,1.0572463757501904,-0.003105465662057917,0.11444100439726376,1
m4,semilog,lookup,gap1%,direct,cheap_adjoint,0.007527362421281509,-0.06196375344468322,0.07652031720698846,1.0075557642326434,-0.048907586566370016,0.06396231140893303,3
m4,semilog,lookup,gap1%,teacher_feature,cheap_adjoint,-0.04718666402322466,-0.10972621890708002,0.012611362335007582,0.9539093204190466,-0.08281818117779552,-0.01155514686865379,5
m4,semilog,lookup,gap1%,costate_randomised,direct,0.018448432473476287,-0.021585876404071554,0.05824379471437294,1.0186196561190557,-0.010297671521244289,0.047194536468196865,1
m4,semilog,lookup,gap1%,costate_critic,adjoint_free,0.6708005831116388,0.5918161858681145,0.7478486052192632,1.9558024764660404,0.612027348081978,0.7295738181412996,0
m4,semilog,lookup,gap1%,direct,adjoint_free,0.6226601761653173,0.5498771809180516,0.6938218691766694,1.8638797011392667,0.5662252271776658,0.6790951251529689,0
m4,semilog,lookup,gap1%,teacher_feature,uniform_pass,-0.6305477443769851,-0.697309075124836,-0.5562775697947856,0.5323001567232172,-0.666179261531556,-0.5949162272224142,5
m4,semilog,lookup,gap1%,cheap_adjoint,uniform_pass,-0.5833610803537606,-0.6567657934974395,-0.5065420123475767,0.5580196621722712,-0.5833610803537603,-0.5833610803537603,5
m4,semilog,lookup,gap1%,cheap,uniform_pass,-0.4683307275552729,-0.5190094783386238,-0.41488447539768264,0.6260464386069495,-0.46833072755527294,-0.46833072755527294,5
m4,staircase,real,gap10%,costate_critic,direct,0.051898301493291034,-0.038601007111484995,0.12960869673897119,1.0532686212204778,-0.052528512405209074,0.15632511539179117,1
m4,staircase,real,gap10%,costate_critic,costate_randomised,-0.025844487713324576,-0.11484421549453748,0.06186293199072156,0.9744866224688279,-0.12518876426991798,0.07349978884326883,4
m4,staircase,real,gap10%,costate_critic,uniform_pass,2.2243463121126794,2.153470357003602,2.2981375641113475,9.24743589089467,2.1807013210783595,2.2679913031469994,0
m4,staircase,real,gap10%,direct,uniform_pass,2.172448010619388,2.094100890649364,2.2526273668271557,8.77975067763737,2.1007724918326547,2.2441235294061217,0
m4,staircase,real,gap10%,costate_critic,cheap,2.391810335126542,2.3136334984721576,2.4685318486567684,10.933268918746206,2.348165344092222,2.435455326160862,0
m4,staircase,real,gap10%,direct,cheap,2.3399120336332504,2.2523803699086065,2.426959753452385,10.380323403233303,2.268236514846518,2.411587552419984,0
m4,staircase,real,gap10%,costate_critic,cheap_adjoint,2.50732363876079,2.4423966564895476,2.573438598105214,12.272041652906326,2.46367864772647,2.55096862979511,0
m4,staircase,real,gap10%,direct,cheap_adjoint,2.455425337267499,2.3848787259965487,2.529132577420126,11.65138826473921,2.3837498184807657,2.5271008560542327,0
m4,staircase,real,gap10%,costate_randomised,direct,0.0777427892066156,0.0013316425752240753,0.14707836104228805,1.0808446180123628,-0.008202943057150774,0.163688521470382,1
m4,staircase,real,gap10%,costate_critic,adjoint_free,3.1946415245329245,3.12568123702146,3.2652689047969483,24.401424812102523,3.1509965334986036,3.2382865155672436,0
m4,staircase,real,gap10%,direct,adjoint_free,3.142743223039633,3.0670947974930596,3.220494466964308,23.1673329295876,3.0710677042529,3.2144187418263663,0
m4,staircase,real,gap10%,cheap_adjoint,uniform_pass,-0.2829773266481107,-0.3462833245448968,-0.21839237885256454,0.7535368728727094,-0.2829773266481107,-0.2829773266481107,5
m4,staircase,real,gap10%,cheap,uniform_pass,-0.16746402301386268,-0.22460559722295903,-0.10654304262658111,0.8458070463298489,-0.16746402301386273,-0.16746402301386273,5
m4,staircase,real,gap3%,costate_critic,direct,0.06752772495835455,-0.04265000351919892,0.16805789766924084,1.0698599210084747,-0.08067752302609452,0.2157329729428036,1
m4,staircase,real,gap3%,costate_critic,costate_randomised,-0.06449368837373001,-0.17076465327214965,0.0411653812863829,0.9375420316582918,-0.2097088478572378,0.08072147110977779,4
m4,staircase,real,gap3%,costate_critic,uniform_pass,1.8586691771368167,1.7843264991359733,1.9367785484716227,6.415193601650371,1.788181338815812,1.9291570154578213,0
m4,staircase,real,gap3%,direct,uniform_pass,1.7911414521784619,1.6932289544605965,1.8848482503782997,5.99629304330165,1.6754362879007323,1.906846616456192,0
m4,staircase,real,gap3%,costate_critic,cheap,2.3280866034891194,2.259839627257646,2.40126271296869,10.258294557796138,2.2575987651681153,2.3985744418101245,0
m4,staircase,real,gap3%,direct,cheap,2.260558878530765,2.162917224747643,2.3540341953054043,9.588446446452947,2.1448537142530353,2.376264042808495,0
m4,staircase,real,gap3%,costate_critic,cheap_adjoint,2.480080976021413,2.409888862630407,2.554266205305797,11.942231413083487,2.409593137700408,2.550568814342418,0
m4,staircase,real,gap3%,direct,cheap_adjoint,2.4125532510630587,2.3161495965451167,2.503649728784522,11.162425265754853,2.2968480867853285,2.528258415340788,0
m4,staircase,real,gap3%,costate_randomised,direct,0.13202141333208456,0.038019258668333784,0.21629123968154454,1.1411327544602385,0.008770851458651155,0.255271975205518,1
m4,staircase,real,gap3%,costate_critic,adjoint_free,3.11702143351293,3.0432556159669435,3.194256050691497,22.57902625378678,3.0465335951919252,3.1875092718339344,0
m4,staircase,real,gap3%,direct,adjoint_free,3.049493708554575,2.9480751876244673,3.1466242609595345,21.104656610094583,2.9337885442768448,3.1651988728323053,0
m4,staircase,real,gap3%,cheap_adjoint,uniform_pass,-0.6214117988845964,-0.6781855832990207,-0.5640923469780437,0.5371855040944954,-0.6214117988845965,-0.6214117988845965,5
m4,staircase,real,gap3%,cheap,uniform_pass,-0.46941742635230305,-0.5246691841608899,-0.41151366470839723,0.6253664842149542,-0.4694174263523031,-0.4694174263523031,5
m4,staircase,real,gap1%,costate_critic,direct,0.04656494791228349,-0.034644535925118985,0.12401711101019007,1.0476661205862348,-0.049668538643479754,0.14279843446804674,2
m4,staircase,real,gap1%,costate_critic,costate_randomised,-0.0775066098847966,-0.16508698577160966,0.012997891993855114,0.9254209074508342,-0.19421605193538197,0.039202832165788765,4
m4,staircase,real,gap1%,costate_critic,uniform_pass,1.6032855643025201,1.5170788789264071,1.6936802939256643,4.969332694046619,1.5238164340764002,1.6827546945286405,0
m4,staircase,real,gap1%,direct,uniform_pass,1.556720616390237,1.4834896936193132,1.632876211372429,4.743240805826543,1.514559264565063,1.598881968215411,0
m4,staircase,real,gap1%,costate_critic,cheap,2.253548249527398,2.179785846472292,2.329467191303488,9.521460486910673,2.1740791193012776,2.3330173797535187,0
m4,staircase,real,gap1%,direct,cheap,2.2069833016151144,2.134340932529148,2.27958878166298,9.088258463090146,2.1648219497899412,2.2491446534402884,0
m4,staircase,real,gap1%,costate_critic,cheap_adjoint,2.3671667875998628,2.2784141882650295,2.4546379687481386,10.667127193602491,2.287697657373742,2.4466359178259833,0
m4,staircase,real,gap1%,direct,cheap_adjoint,2.320601839687579,2.235593716487335,2.404004992083437,10.181800273958999,2.278440487862405,2.362763191512753,0
m4,staircase,real,gap1%,costate_randomised,direct,0.1240715577970801,0.06461508045358061,0.17850957626148276,1.1320968784594867,0.06405706763156452,0.18408604796259567,0
m4,staircase,real,gap1%,costate_critic,adjoint_free,2.9920171111736646,2.9062129088595015,3.0751096182969944,19.925834605939652,2.9125479809475454,3.0714862413997857,0
m4,staircase,real,gap1%,direct,adjoint_free,2.9454521632613826,2.861369737647823,3.0265394550823106,19.019260253247406,2.9032908114362077,2.9876135150865557,0
m4,staircase,real,gap1%,cheap_adjoint,uniform_pass,-0.7638812232973423,-0.85523852444808,-0.6704256178013879,0.46585482706411635,-0.7638812232973422,-0.7638812232973422,5
m4,staircase,real,gap1%,cheap,uniform_pass,-0.6502626852248777,-0.7239069186490759,-0.5748933095441766,0.5219086610586741,-0.6502626852248776,-0.6502626852248776,5
m4,staircase,lookup,gap10%,costate_critic,direct,0.03548810472531365,-0.08667214063909937,0.12850852550878247,1.0361253230594325,-0.10395608908519484,0.17493229853582215,1
m4,staircase,lookup,gap10%,costate_critic,costate_randomised,0.022504050988874882,-0.06607855387714807,0.10524604231751106,1.022759177342103,-0.08126331578230946,0.12627141776005923,1
m4,staircase,lookup,gap10%,teacher_feature,direct,-0.044296398318417834,-0.13446244864281676,0.036167321219679374,0.9566703599602375,-0.1443092745285514,0.05571647789171572,3
m4,staircase,lookup,gap10%,costate_critic,uniform_pass,-0.23275736902549723,-0.31209595770075793,-0.15463465223318212,0.7923457978366572,-0.2948986345095884,-0.17061610354140602,5
m4,staircase,lookup,gap10%,direct,uniform_pass,-0.26824547375081087,-0.36219327887533737,-0.1610069235632087,0.7647200393645893,-0.35284374785099964,-0.18364719965062198,5
m4,staircase,lookup,gap10%,costate_critic,cheap,-0.06529334601163445,-0.14195124115744173,0.009688707052395084,0.9367926186886568,-0.12743461149572563,-0.0031520805275432676,5
m4,staircase,lookup,gap10%,direct,cheap,-0.10078145073694805,-0.18713055747408927,-0.002924572254798664,0.9041306083732518,-0.18537972483713694,-0.016183176636759236,4
m4,staircase,lookup,gap10%,costate_critic,cheap_adjoint,0.0502199576226135,-0.018924468155439963,0.11839053421524647,1.0515023568999302,-0.011921307861477694,0.11236122310670468,1
m4,staircase,lookup,gap10%,direct,cheap_adjoint,0.01473185289729985,-0.064387214024748,0.11288811301208536,1.0148409014800381,-0.069866421202889,0.0993301269974887,3
m4,staircase,lookup,gap10%,teacher_feature,cheap_adjoint,-0.02956454542111799,-0.08427509900601607,0.02501951574961158,0.97086821052128,-0.0820798834765407,0.02295079263430472,4
m4,staircase,lookup,gap10%,costate_randomised,direct,0.012984053736438765,-0.05939044868191096,0.07886136219021503,1.0130687125703088,-0.055368975199255446,0.08133708267213298,2
m4,staircase,lookup,gap10%,costate_critic,adjoint_free,0.7375378433947476,0.6705254294388671,0.8045765671649141,2.0907813408183586,0.6753965779106567,0.799679108878839,0
m4,staircase,lookup,gap10%,direct,adjoint_free,0.7020497386694342,0.6259185285222422,0.7970600796737501,2.0178846074766104,0.6174514645692454,0.7866480127696233,0
m4,staircase,lookup,gap10%,teacher_feature,uniform_pass,-0.31254187206922873,-0.38794222307829784,-0.23778209526454508,0.7315849953277287,-0.3650572101246514,-0.26002653401380593,5
m4,staircase,lookup,gap10%,cheap_adjoint,uniform_pass,-0.2829773266481107,-0.3462833245448968,-0.21839237885256454,0.7535368728727094,-0.2829773266481107,-0.2829773266481107,5
m4,staircase,lookup,gap10%,cheap,uniform_pass,-0.16746402301386268,-0.22460559722295903,-0.10654304262658111,0.8458070463298489,-0.16746402301386273,-0.16746402301386273,5
m4,staircase,lookup,gap3%,costate_critic,direct,0.038777862760520074,-0.07847727503826633,0.13491065625891854,1.0395395375570406,-0.11137471888132768,0.18893044440236784,1
m4,staircase,lookup,gap3%,costate_critic,costate_randomised,0.01444907797737982,-0.07999091412558716,0.10050060219503114,1.0145539704957456,-0.11361504842636841,0.14251320438112805,1
m4,staircase,lookup,gap3%,teacher_feature,direct,-0.06941383693541586,-0.16867245422314453,0.03381246962349361,0.9329405149353874,-0.21328609989904668,0.074458426028215,4
m4,staircase,lookup,gap3%,costate_critic,uniform_pass,-0.5728915180784134,-0.6541431833616441,-0.48821012333603825,0.5638925735369852,-0.6552374973373456,-0.4905455388194815,5
m4,staircase,lookup,gap3%,direct,uniform_pass,-0.6116693808389335,-0.7053881949298704,-0.5104301546301112,0.5424445662376202,-0.7203103589088597,-0.5030284027690073,5
m4,staircase,lookup,gap3%,costate_critic,cheap,-0.10347409172611038,-0.17633240582215579,-0.027260225401059997,0.9016993839138349,-0.18582007098504238,-0.021128112467178356,5
m4,staircase,lookup,gap3%,direct,cheap,-0.14225195448663044,-0.23226686165634028,-0.049106452810382055,0.8674026829540937,-0.25089293255655665,-0.03361097641670427,5
m4,staircase,lookup,gap3%,costate_critic,cheap_adjoint,0.04852028080618303,-0.02163816451742814,0.12370772905050441,1.0497166607045894,-0.03382569845274898,0.13086626006511504,2
m4,staircase,lookup,gap3%,direct,cheap_adjoint,0.009742418045662955,-0.07226173443788521,0.09876157378067985,1.0097900298929134,-0.09889856002426325,0.11838339611558915,2
m4,staircase,lookup,gap3%,teacher_feature,cheap_adjoint,-0.05967141888975291,-0.1116180460992334,-0.0048197935055073575,0.9420740304649149,-0.11033721066304915,-0.009005627116456652,4
m4,staircase,lookup,gap3%,costate_randomised,direct,0.024328784783140253,-0.04130770372650636,0.09550807995650422,1.0246271443293313,-0.05341716401316718,0.10207473357944769,3
m4,staircase,lookup,gap3%,costate_critic,adjoint_free,0.6854607382976995,0.6131049674637362,0.7613999854894618,1.984686045785354,0.6031147590387673,0.7678067175566314,0
m4,staircase,lookup,gap3%,direct,adjoint_free,0.6466828755371794,0.5615907588462946,0.7362656797588291,1.9091972686767118,0.5380418974672531,0.7553238536071057,0
m4,staircase,lookup,gap3%,teacher_feature,uniform_pass,-0.6810832177743493,-0.7519006967151711,-0.6034066049470949,0.5060685129496283,-0.7317490095476457,-0.6304174260010532,5
m4,staircase,lookup,gap3%,cheap_adjoint,uniform_pass,-0.6214117988845964,-0.6781855832990207,-0.5640923469780437,0.5371855040944954,-0.6214117988845965,-0.6214117988845965,5
m4,staircase,lookup,gap3%,cheap,uniform_pass,-0.46941742635230305,-0.5246691841608899,-0.41151366470839723,0.6253664842149542,-0.4694174263523031,-0.4694174263523031,5
m4,staircase,lookup,gap1%,costate_critic,direct,0.02446845561586107,-0.07955719638257802,0.12466924552695585,1.0247702648504569,-0.10353628162924437,0.15247319286096653,2
m4,staircase,lookup,gap1%,costate_critic,costate_randomised,-0.014163407302166125,-0.1113694341033156,0.08935333322046553,0.985936421888126,-0.14741301549817015,0.11908620089383791,2
m4,staircase,lookup,gap1%,teacher_feature,direct,-0.05410698182868536,-0.1243828235217134,0.012832832739309644,0.9473307539040293,-0.11289176196359403,0.0046777983062233075,4
m4,staircase,lookup,gap1%,costate_critic,uniform_pass,-0.7581102442692604,-0.8621659468923413,-0.6532166454916853,0.46855103790642283,-0.863160444301805,-0.6530600442367158,5
m4,staircase,lookup,gap1%,direct,uniform_pass,-0.7825786998851215,-0.8661962981735869,-0.6938823391973786,0.45722544259692954,-0.8323060239014297,-0.7328513758688135,5
m4,staircase,lookup,gap1%,costate_critic,cheap,-0.10784755904438281,-0.19333287292681214,-0.018504234808715953,0.897764442069198,-0.21289775907692748,-0.0027973590118381547,4
m4,staircase,lookup,gap1%,direct,cheap,-0.1323160146602439,-0.19211443350372007,-0.0675574384022736,0.8760641022309595,-0.182043338676552,-0.08258869064393573,5
m4,staircase,lookup,gap1%,costate_critic,cheap_adjoint,0.005770979028081724,-0.09223109390716248,0.10620579035822614,1.0057876632067941,-0.09927922100446292,0.11082117906062637,2
m4,staircase,lookup,gap1%,direct,cheap_adjoint,-0.018697476587779347,-0.09790028511551237,0.0597939985003488,0.9814762368749714,-0.0684248006040875,0.031029847428528795,4
m4,staircase,lookup,gap1%,teacher_feature,cheap_adjoint,-0.07280445841646471,-0.1355989024884676,-0.01083830679827889,0.9297826234176563,-0.09568825185569622,-0.0499206649772332,5
m4,staircase,lookup,gap1%,costate_randomised,direct,0.0386318629180272,-0.01304734489092374,0.09188508181236485,1.0393877760271415,0.0009892908537082606,0.07627443498234612,0
m4,staircase,lookup,gap1%,costate_critic,adjoint_free,0.6306213026018843,0.5320310608910859,0.7289972039403702,1.8787775060723588,0.5255711025693397,0.7356715026344289,0
m4,staircase,lookup,gap1%,direct,adjoint_free,0.6061528469860232,0.5290115813013534,0.681287359912887,1.833364579861737,0.556425522969715,0.6558801710023314,0
m4,staircase,lookup,gap1%,teacher_feature,uniform_pass,-0.836685681713807,-0.921404475558691,-0.750636128780148,0.4331437232394527,-0.8595694751530385,-0.8138018882745754,5
m4,staircase,lookup,gap1%,cheap_adjoint,uniform_pass,-0.7638812232973423,-0.85523852444808,-0.6704256178013879,0.46585482706411635,-0.7638812232973422,-0.7638812232973422,5
m4,staircase,lookup,gap1%,cheap,uniform_pass,-0.6502626852248777,-0.7239069186490759,-0.5748933095441766,0.5219086610586741,-0.6502626852248776,-0.6502626852248776,5
m64,loglog,real,gap10%,costate_critic,direct,-0.036174819919442776,-0.15413988674814558,0.09499099338677162,0.9644716698845365,-0.18594070422367093,0.11359106438478538,4
m64,loglog,real,gap10%,costate_critic,costate_randomised,-0.02270064078138022,-0.09301015018967689,0.04168436078329633,0.9775550801003247,-0.09256734082386504,0.047166059261104606,3
m64,loglog,real,gap10%,costate_critic,uniform_pass,0.5637186913409162,0.48454584233158077,0.6471530076672989,1.7571948307142982,0.4793535020824765,0.6480838805993557,0
m64,loglog,real,gap10%,direct,uniform_pass,0.599893511260359,0.49559785914205245,0.7128553785735425,1.8219247755868908,0.47647197914856854,0.7233150433721494,0
m64,loglog,real,gap10%,costate_critic,cheap,0.5885295804993264,0.49215460167901554,0.6866237167089377,1.801337744929232,0.5041643912408869,0.6728947697577661,0
m64,loglog,real,gap10%,direct,cheap,0.6247044004187692,0.5103039390065802,0.7479746677926685,1.8676937863243641,0.5012828683069789,0.7481259325305597,0
m64,loglog,real,gap10%,costate_critic,cheap_adjoint,0.6735604141088888,0.5855083888889598,0.7650196673064056,1.9612076159701017,0.5891952248504493,0.7579256033673285,0
m64,loglog,real,gap10%,direct,cheap_adjoint,0.7097352340283315,0.598584207200863,0.8278203544319412,2.033452798260929,0.5863137019165412,0.833156766140122,0
m64,loglog,real,gap10%,costate_randomised,direct,-0.013474179138062557,-0.13987865773860492,0.14339917281576578,0.9866161912692987,-0.2010453406578219,0.17409698238169677,4
m64,loglog,real,gap10%,costate_critic,adjoint_free,0.7015032651426458,0.6079549526343334,0.7959496570815334,2.0167821882074186,0.6171380758842062,0.7858684544010854,0
m64,loglog,real,gap10%,direct,adjoint_free,0.7376780850620888,0.6223277221338507,0.8601337906889399,2.0910745760410583,0.6142565529502981,0.8610996171738792,0
m64,loglog,real,gap10%,cheap_adjoint,uniform_pass,-0.10984172276797265,-0.16275056911780106,-0.052962574732211117,0.8959759366654867,-0.10984172276797262,-0.10984172276797262,5
m64,loglog,real,gap10%,cheap,uniform_pass,-0.024810889158410277,-0.08847377057038214,0.03971648490314956,0.975494371147667,-0.024810889158410277,-0.024810889158410277,5
m64,loglog,real,gap3%,costate_critic,direct,0.018176545341383087,-0.10250099083247172,0.1370830584958355,1.018342744188161,-0.13158307272610595,0.1679361634088721,3
m64,loglog,real,gap3%,costate_critic,costate_randomised,-0.038585409862255185,-0.10581913820001,0.018604465244975502,0.9621495241720236,-0.09511670935418665,0.01794588962967627,4
m64,loglog,real,gap3%,costate_critic,uniform_pass,0.46217578692324507,0.35803594945104633,0.568860684056307,1.5875243447190892,0.33045465346413344,0.5938969203823568,0
m64,loglog,real,gap3%,direct,uniform_pass,0.44399924158186205,0.3633309040480837,0.5334311930507875,1.5589293033012075,0.37399074101717855,0.5140077421465455,0
m64,loglog,real,gap3%,costate_critic,cheap,0.7067803481777517,0.601850032111631,0.815742420691507,2.027453046016527,0.5750592147186397,0.8385014816368632,0
m64,loglog,real,gap3%,direct,cheap,0.6886038028363685,0.6057920915362379,0.7854731868076148,1.9909338556075684,0.618595302271685,0.7586123034010521,0
m64,loglog,real,gap3%,costate_critic,cheap_adjoint,0.8426494348582563,0.7387708698401888,0.9519841074061368,2.322512177253372,0.7109283013991449,0.9743705683173681,0
m64,loglog,real,gap3%,direct,cheap_adjoint,0.8244728895168734,0.741327178583984,0.922179094431562,2.280678279006069,0.7544643889521898,0.8944813900815567,0
m64,loglog,real,gap3%,costate_randomised,direct,0.056761955203638276,-0.07464116175475884,0.20700558030654578,1.0584038328808554,-0.12238654876961044,0.235910459176887,3
m64,loglog,real,gap3%,costate_critic,adjoint_free,0.7780570910278474,0.6684736037504742,0.8927889133969235,2.1772379782104427,0.6463359575687357,0.909778224486959,0
m64,loglog,real,gap3%,direct,adjoint_free,0.7598805456864643,0.6667489258005638,0.8633203819451636,2.13802080943403,0.6898720451217809,0.829889046251148,0
m64,loglog,real,gap3%,cheap_adjoint,uniform_pass,-0.3804736479350113,-0.42631901474685663,-0.3332097854254502,0.6835375763654822,-0.38047364793501126,-0.38047364793501126,5
m64,loglog,real,gap3%,cheap,uniform_pass,-0.24460456125450644,-0.2921218887648925,-0.1963027956735246,0.7830141111470892,-0.24460456125450647,-0.24460456125450647,5
m64,loglog,real,gap1%,costate_critic,direct,0.004285246035307892,-0.13452604235582774,0.13869504315096023,1.0042944408313956,-0.17792964045874768,0.18650013252936345,2
m64,loglog,real,gap1%,costate_critic,costate_randomised,-0.03494936915931095,-0.09665886052566121,0.022884524049591157,0.9656543069092425,-0.09725677735881941,0.027358039040197533,4
m64,loglog,real,gap1%,costate_critic,uniform_pass,0.3824866655515698,0.2629359949241642,0.5042957624757723,1.4659253269215649,0.22587385091730147,0.5390994801858382,0
m64,loglog,real,gap1%,direct,uniform_pass,0.3782014195162619,0.28025064527377413,0.4826417481277831,1.459656916658836,0.27274983276869036,0.48365300626383334,0
m64,loglog,real,gap1%,costate_critic,cheap,0.7136823613727469,0.5977947128357687,0.836506386309469,2.0414949566749394,0.5570695467384785,0.8702951760070152,0
m64,loglog,real,gap1%,direct,cheap,0.709397115337439,0.6070016126566269,0.8190080724418172,2.032765366086172,0.6039455285898676,0.8148487020850104,0
m64,loglog,real,gap1%,costate_critic,cheap_adjoint,0.907371626013838,0.7903275806242308,1.030321581965299,2.477801378436047,0.7507588113795696,1.0639844406481063,0
m64,loglog,real,gap1%,direct,cheap_adjoint,0.9030863799785301,0.8024013182663132,1.0146325930720663,2.467206107787296,0.7976347932309586,1.0085379667261016,0
m64,loglog,real,gap1%,costate_randomised,direct,0.039234615194618835,-0.09566417767166413,0.1840389360810471,1.0400144582234903,-0.13567287658645547,0.21414210697569316,2
m64,loglog,real,gap1%,costate_critic,adjoint_free,0.795092113427345,0.6727764988206189,0.9235365186415084,2.2146449859488686,0.6384792987930764,0.9517049280616133,0
m64,loglog,real,gap1%,direct,adjoint_free,0.7908068673920373,0.6802750709358705,0.9055401080276788,2.2051749924210435,0.6853552806444654,0.8962584541396086,0
m64,loglog,real,gap1%,cheap_adjoint,uniform_pass,-0.5248849604622683,-0.5739728678184495,-0.4749168639519961,0.5916234205369747,-0.5248849604622683,-0.5248849604622683,5
m64,loglog,real,gap1%,cheap,uniform_pass,-0.33119569582117714,-0.3841352446286931,-0.2786358941260382,0.7180646330418435,-0.33119569582117714,-0.33119569582117714,5
m64,loglog,lookup,gap10%,costate_critic,direct,0.030879431744925297,-0.09278244669453126,0.1473051635973806,1.0313611469760828,-0.11565616145379162,0.17741502494364222,2
m64,loglog,lookup,gap10%,costate_critic,costate_randomised,0.026009650054141565,-0.05985924869026059,0.10144272572758671,1.026350852766951,-0.059078974731203736,0.11109827483948687,2
m64,loglog,lookup,gap10%,teacher_feature,direct,0.08981945043644313,-0.04528022612504429,0.23610901904327097,1.0939767488487848,-0.06855628890670468,0.24819518977959093,2
m64,loglog,lookup,gap10%,costate_critic,uniform_pass,0.22560359705511723,0.10784527523501705,0.3590758133816962,1.2530788426703154,0.07381699497183905,0.37739019913839533,0
m64,loglog,lookup,gap10%,direct,uniform_pass,0.19472416531019193,0.11179438464077457,0.2850385948121744,1.2149758077898336,0.12725038535579208,0.2621979452645918,0
m64,loglog,lookup,gap10%,costate_critic,cheap,0.2504144862135275,0.12447322153793913,0.38808839015410207,1.2845577378330444,0.09862788413024931,0.4022010882968056,0
m64,loglog,lookup,gap10%,direct,cheap,0.2195350544686022,0.12414995458804158,0.32277633733264216,1.245497507443756,0.15206127451420234,0.28700883442300207,0
m64,loglog,lookup,gap10%,costate_critic,cheap_adjoint,0.33544531982308984,0.21565535694143326,0.467846159116284,1.3985630544206828,0.18365871773981168,0.487231921906368,0
m64,loglog,lookup,gap10%,direct,cheap_adjoint,0.30456588807816454,0.21301484296974219,0.4031677107378965,1.3560362037305982,0.2370921081237647,0.3720396680325644,0
m64,loglog,lookup,gap10%,teacher_feature,cheap_adjoint,0.3943853385146076,0.28859421731168733,0.5174402426876514,1.4834720774784484,0.2682190653753861,0.5205516116538291,0
m64,loglog,lookup,gap10%,costate_randomised,direct,0.004869781690783732,-0.11511802733257101,0.14387337126680605,1.004881658348726,-0.1479267703687157,0.15766633375028316,3
m64,loglog,lookup,gap10%,costate_critic,adjoint_free,0.36338817085684705,0.23848667916237257,0.5020521900940357,1.4381940159075925,0.2116015687735687,0.5151747729401249,0
m64,loglog,lookup,gap10%,direct,adjoint_free,0.3325087391119215,0.23622613264121958,0.4350666774107392,1.3944620854919056,0.26503495915752173,0.39998251906632143,0
m64,loglog,lookup,gap10%,teacher_feature,uniform_pass,0.28454361574663506,0.17696017788206417,0.40723385412505475,1.3291552841358483,0.15837734260741348,0.4107098888858565,0
m64,loglog,lookup,gap10%,cheap_adjoint,uniform_pass,-0.10984172276797265,-0.16275056911780106,-0.052962574732211117,0.8959759366654867,-0.10984172276797262,-0.10984172276797262,5
m64,loglog,lookup,gap10%,cheap,uniform_pass,-0.024810889158410277,-0.08847377057038214,0.03971648490314956,0.975494371147667,-0.024810889158410277,-0.024810889158410277,5
m64,loglog,lookup,gap3%,costate_critic,direct,0.04350468495146242,-0.08592329975943012,0.18412659190517108,1.0444648875678664,-0.14042911498789218,0.22743848489081697,2
m64,loglog,lookup,gap3%,costate_critic,costate_randomised,-0.01409192360532451,-0.1024835243342983,0.05534204061908235,0.986006902787501,-0.10146000958876752,0.07327616237811851,2
m64,loglog,lookup,gap3%,teacher_feature,direct,0.07314496416428455,-0.056437328315223294,0.20284867752802244,1.075886490596557,-0.06871225335169467,0.21500218168026375,2
m64,loglog,lookup,gap3%,costate_critic,uniform_pass,0.07667959402693922,-0.0360755736047692,0.20126969029641156,1.0796960798927997,-0.06928754452423744,0.22264673257811587,1
m64,loglog,lookup,gap3%,direct,uniform_pass,0.03317490907547681,-0.0498567384754066,0.12285080415871485,1.0337313324213058,-0.04977895334078876,0.11612877149174237,2
m64,loglog,lookup,gap3%,costate_critic,cheap,0.3212841552814457,0.20877179201891644,0.44046744428740636,1.3788973461935208,0.175317016730269,0.4672512938326224,0
m64,loglog,lookup,gap3%,direct,cheap,0.2777794703299833,0.19258632516845958,0.37166973907795997,1.320195022931227,0.19482560791371772,0.36073333274624886,0
m64,loglog,lookup,gap3%,costate_critic,cheap_adjoint,0.4571532419619504,0.34662435017119353,0.5793639750484404,1.5795709222509438,0.3111861034107738,0.6031203805131272,0
m64,loglog,lookup,gap3%,direct,cheap_adjoint,0.413648557010488,0.32827317582558074,0.5100048079515668,1.512325537270211,0.3306946945942225,0.49660241942675365,0
m64,loglog,lookup,gap3%,teacher_feature,cheap_adjoint,0.4867935211747727,0.381409954368853,0.6195338724380451,1.6270906149332,0.3307375175515115,0.6428495247980337,0
m64,loglog,lookup,gap3%,costate_randomised,direct,0.05759660855678692,-0.07545843236089553,0.2068833743466558,1.0592876019580604,-0.12341430888593358,0.2386075259995074,3
m64,loglog,lookup,gap3%,costate_critic,adjoint_free,0.3925608981315416,0.27481830245550026,0.5206083667093561,1.4807680385421136,0.24659375958036478,0.5385280366827182,0
m64,loglog,lookup,gap3%,direct,adjoint_free,0.3490562131800791,0.2558810779283102,0.45124862805445026,1.417728883151084,0.26610235076381356,0.4320100755963447,0
m64,loglog,lookup,gap3%,teacher_feature,uniform_pass,0.10631987323976132,-0.006702992124239923,0.24500234582987576,1.1121775754584617,-0.04973613038349975,0.26237587686302244,1
m64,loglog,lookup,gap3%,cheap_adjoint,uniform_pass,-0.3804736479350113,-0.42631901474685663,-0.3332097854254502,0.6835375763654822,-0.38047364793501126,-0.38047364793501126,5
m64,loglog,lookup,gap3%,cheap,uniform_pass,-0.24460456125450644,-0.2921218887648925,-0.1963027956735246,0.7830141111470892,-0.24460456125450647,-0.24460456125450647,5
m64,loglog,lookup,gap1%,costate_critic,direct,0.01783708062310537,-0.12382716797671425,0.15713754781624323,1.0179971114237785,-0.17506761582084102,0.21074177706705177,2
m64,loglog,lookup,gap1%,costate_critic,costate_randomised,-0.013557465554922859,-0.09163418586180304,0.06287712650630492,0.9865340229637108,-0.10821112476482257,0.08109619365497685,3
m64,loglog,lookup,gap1%,teacher_feature,direct,0.01172175499875105,-0.13373627678499492,0.1504648883736839,1.011790723984625,-0.16362830442862286,0.18707181442612497,2
m64,loglog,lookup,gap1%,costate_critic,uniform_pass,-0.019646350393608722,-0.133408693808,0.10236241426409601,0.9805453814847473,-0.15223662302718424,0.11294392223996678,3
m64,loglog,lookup,gap1%,direct,uniform_pass,-0.03748343101671409,-0.1369748704492491,0.06605313321536173,0.9632103770052443,-0.14957985456402273,0.07461299253059454,2
m64,loglog,lookup,gap1%,costate_critic,cheap,0.31154934542756835,0.20323232748333936,0.42281332628926577,1.365539167875447,0.1789590727939929,0.4441396180611439,0
m64,loglog,lookup,gap1%,direct,cheap,0.29371226480446305,0.1944653094157314,0.40210488747988665,1.3413978807519342,0.18161584125715438,0.40580868835177175,0
m64,loglog,lookup,gap1%,costate_critic,cheap_adjoint,0.5052386100686597,0.3984276336538282,0.6170779357811211,1.6573809410634486,0.37264833743508397,0.6378288827022351,0
m64,loglog,lookup,gap1%,direct,cheap_adjoint,0.48740152944555426,0.3869511869971946,0.5977838429195708,1.6280802002919466,0.3753051058982455,0.5994979529928628,0
m64,loglog,lookup,gap1%,teacher_feature,cheap_adjoint,0.49912328444430526,0.3873693878738128,0.6331750189370388,1.647276444558422,0.3303876008911266,0.6678589679974839,0
m64,loglog,lookup,gap1%,costate_randomised,direct,0.031394546178028226,-0.10131715500929266,0.17113791510698265,1.0318925528442977,-0.1401602457102928,0.20294933806634927,2
m64,loglog,lookup,gap1%,costate_critic,adjoint_free,0.3929590974821664,0.2767539319347408,0.5156515157789199,1.4813577968263771,0.26036882484859086,0.5255493701157419,0
m64,loglog,lookup,gap1%,direct,adjoint_free,0.37512201685906116,0.26841469924149725,0.48819243510417554,1.4551689589320536,0.26302559331175235,0.48721844040636975,0
m64,loglog,lookup,gap1%,teacher_feature,uniform_pass,-0.02576167601796304,-0.14937397041762587,0.11758645687664271,0.9745673246996398,-0.19449735957114164,0.14297400753521558,4
m64,loglog,lookup,gap1%,cheap_adjoint,uniform_pass,-0.5248849604622683,-0.5739728678184495,-0.4749168639519961,0.5916234205369747,-0.5248849604622683,-0.5248849604622683,5
m64,loglog,lookup,gap1%,cheap,uniform_pass,-0.33119569582117714,-0.3841352446286931,-0.2786358941260382,0.7180646330418435,-0.33119569582117714,-0.33119569582117714,5
m64,semilog,real,gap10%,costate_critic,direct,-0.027373569066238144,-0.14077581541419346,0.09836733896951637,0.9729976917839246,-0.1685014936527247,0.11375435552024843,4
m64,semilog,real,gap10%,costate_critic,costate_randomised,-0.022575159810367503,-0.09301797599109515,0.03909859447920732,0.9776777523573501,-0.09086347888273497,0.04571315926199996,3
m64,semilog,real,gap10%,costate_critic,uniform_pass,0.5490208139941744,0.4711355570972915,0.6302853996570699,1.7315566714226331,0.4681127143527396,0.6299289136356089,0
m64,semilog,real,gap10%,direct,uniform_pass,0.5763943830604125,0.47602485255585913,0.6846225156343005,1.779610256061289,0.45982011644078924,0.6929686496800355,0
m64,semilog,real,gap10%,costate_critic,cheap,0.6078897731262116,0.5139659611448149,0.7038539192231449,1.8365517658770578,0.5269816734847769,0.6887978727676461,0
m64,semilog,real,gap10%,direct,cheap,0.6352633421924495,0.524626000124102,0.7557518322923207,1.8875191394440676,0.5186890755728266,0.7518376088120726,0
m64,semilog,real,gap10%,costate_critic,cheap_adjoint,0.6902179152459437,0.6045467351693964,0.7791248087535307,1.9941500415951285,0.6093098156045088,0.7711260148873783,0
m64,semilog,real,gap10%,direct,cheap_adjoint,0.7175914843121816,0.6096432786879563,0.8325212375066056,2.0494910300753033,0.6010172176925588,0.8341657509318048,0
m64,semilog,real,gap10%,costate_randomised,direct,-0.0047984092558706415,-0.128234722283857,0.14825606533496358,0.99521308471821,-0.18760701667220803,0.17801019816046676,4
m64,semilog,real,gap10%,costate_critic,adjoint_free,0.7039372521998649,0.6125175020081067,0.7962158508736702,2.021696988804874,0.6230291525584304,0.7848453518412997,0
m64,semilog,real,gap10%,direct,adjoint_free,0.7313108212661033,0.6205798545557991,0.8496442916610322,2.0778024509988624,0.61473655464648,0.8478850878857265,0
m64,semilog,real,gap10%,cheap_adjoint,uniform_pass,-0.1411971012517693,-0.1956298019590606,-0.08290478082396333,0.8683181482360044,-0.1411971012517693,-0.1411971012517693,5
m64,semilog,real,gap10%,cheap,uniform_pass,-0.05886895913203714,-0.12205491133088732,0.004871667389937646,0.9428303103646614,-0.05886895913203714,-0.05886895913203714,5
m64,semilog,real,gap3%,costate_critic,direct,0.02494639415853409,-0.09911783326310938,0.14812262955503464,1.0252601591177648,-0.1332520869570223,0.18314487527409046,3
m64,semilog,real,gap3%,costate_critic,costate_randomised,-0.03570409038626182,-0.10348543315828405,0.02079194738427014,0.9649257820570876,-0.09489610273780172,0.02348792196527808,4
m64,semilog,real,gap3%,costate_critic,uniform_pass,0.43643898650869956,0.33034278212420104,0.5446729734560836,1.5471878402808663,0.3000622953545534,0.5728156776628456,0
m64,semilog,real,gap3%,direct,uniform_pass,0.4114925923501653,0.33202776906684534,0.49945691111996443,1.50906852911579,0.34351524277384177,0.4794699419264891,0
m64,semilog,real,gap3%,costate_critic,cheap,0.7236534351334175,0.6170567537171036,0.8340268891270443,2.061952676691743,0.5872767439792714,0.8600301262875636,0
m64,semilog,real,gap3%,direct,cheap,0.6987070409748835,0.6175660241429696,0.7942076978522703,2.0111506902463185,0.6307296913985598,0.7666843905512071,0
m64,semilog,real,gap3%,costate_critic,cheap_adjoint,0.8525168186723303,0.7464756828195759,0.9634580259213531,2.34554273513182,0.716140127518184,0.9888935098264762,0
m64,semilog,real,gap3%,direct,cheap_adjoint,0.827570424513796,0.7460822835398379,0.9242998297420708,2.2877537123359564,0.7595930749374724,0.8955477740901197,0
m64,semilog,real,gap3%,costate_randomised,direct,0.06065048454479591,-0.0701538800204803,0.21017848311365103,1.0625274795042297,-0.11905465357797748,0.2403556226675693,3
m64,semilog,real,gap3%,costate_critic,adjoint_free,0.7758677059755615,0.6653236172793464,0.8915612085988889,2.172476380313333,0.6394910148214152,0.9122443971297074,0
m64,semilog,real,gap3%,direct,adjoint_free,0.7509213118170273,0.6583412838191874,0.8534474170594596,2.11895133249179,0.6829439622407038,0.818898661393351,0
m64,semilog,real,gap3%,cheap_adjoint,uniform_pass,-0.4160778321636308,-0.4627373205849505,-0.36786153265215427,0.6596289281397015,-0.41607783216363076,-0.41607783216363076,5
m64,semilog,real,gap3%,cheap,uniform_pass,-0.28721444862471807,-0.3342147965916192,-0.2393021590120368,0.750350799885097,-0.28721444862471807,-0.28721444862471807,5
m64,semilog,real,gap1%,costate_critic,direct,0.008487894982497081,-0.13285677680956345,0.14587927988160365,1.0085240192972433,-0.17934736862723039,0.19632315859222454,2
m64,semilog,real,gap1%,costate_critic,costate_randomised,-0.031164931500931276,-0.094550932683476,0.028508854633126794,0.9693156891999486,-0.09968679091130647,0.03735692790944392,4
m64,semilog,real,gap1%,costate_critic,uniform_pass,0.35892639837790674,0.23696890064579018,0.4828588694556843,1.4317914155227325,0.19677169930486102,0.5210810974509524,0
m64,semilog,real,gap1%,direct,uniform_pass,0.35043850339540966,0.2538660800641608,0.4539862278135508,1.4196899509844387,0.24718335550140472,0.45369365128941463,0
m64,semilog,real,gap1%,costate_critic,cheap,0.7235193110714327,0.6057756169360955,0.8488035157317182,2.061676137768801,0.5613646119983869,0.8856740101444786,0
m64,semilog,real,gap1%,direct,cheap,0.7150314160889357,0.6150005445134086,0.8231985337724966,2.0442509036179546,0.6117762681949306,0.8182865639829406,0
m64,semilog,real,gap1%,costate_critic,cheap_adjoint,0.9100624225523819,0.7907018305430983,1.035407149253545,2.4844776159785655,0.7479077234793363,1.0722171216254277,0
m64,semilog,real,gap1%,direct,cheap_adjoint,0.9015745275698849,0.8027609041466914,1.0119556211153362,2.4634788745138585,0.79831937967588,1.0048296754638901,0
m64,semilog,real,gap1%,costate_randomised,direct,0.039652826483428355,-0.09307253349048326,0.18208174577793543,1.0404494949727434,-0.13191614026376944,0.21122179323062615,2
m64,semilog,real,gap1%,costate_critic,adjoint_free,0.7847500772045408,0.6606109094647388,0.915342663188172,2.1918590767265074,0.6225953781314952,0.9469047762775866,0
m64,semilog,real,gap1%,direct,adjoint_free,0.776262182222044,0.6670456835237245,0.8897689440821858,2.1733335396948035,0.673007034328039,0.8795173301160488,0
m64,semilog,real,gap1%,cheap_adjoint,uniform_pass,-0.5511360241744753,-0.6012838309176085,-0.5000191321628399,0.5762947535990539,-0.5511360241744754,-0.5511360241744754,5
m64,semilog,real,gap1%,cheap,uniform_pass,-0.36459291269352584,-0.41803830051911467,-0.311083969055669,0.6944793070517149,-0.36459291269352595,-0.36459291269352595,5
m64,semilog,lookup,gap10%,costate_critic,direct,0.028644107550436074,-0.0898495816604443,0.14122790913727623,1.0290582952199976,-0.10982177113115475,0.16710998623202689,2
m64,semilog,lookup,gap10%,costate_critic,costate_randomised,0.01884667854421848,-0.06792378906962848,0.09321626182318184,1.0190253981819144,-0.0656997365726121,0.10339309366104907,2
m64,semilog,lookup,gap10%,teacher_feature,direct,0.0837558046399607,-0.05045240932742656,0.23075337642177798,1.0873633323052765,-0.07568397595551217,0.2431955852354335,2
m64,semilog,lookup,gap10%,costate_critic,uniform_pass,0.19844137080291968,0.08662939798234431,0.32539548620627856,1.219500526981529,0.05734560873122532,0.33953713287461407,0
m64,semilog,lookup,gap10%,direct,uniform_pass,0.16979726325248362,0.09061209950430858,0.25741876146018067,1.1850645708276593,0.1076054618153359,0.23198906468963135,0
m64,semilog,lookup,gap10%,costate_critic,cheap,0.25731032993495684,0.13691054650006057,0.3897754847033057,1.2934464596390194,0.11621456786326242,0.3984060920066511,0
m64,semilog,lookup,gap10%,direct,cheap,0.22866622238452078,0.13621818596067514,0.32934412822831816,1.2569224364130893,0.16647442094737305,0.2908580238216685,0
m64,semilog,lookup,gap10%,costate_critic,cheap_adjoint,0.33963847205468894,0.22523048443069488,0.46743389977735783,1.4044397545518938,0.1985427099829946,0.4807342341263833,0
m64,semilog,lookup,gap10%,direct,cheap_adjoint,0.3109943645042529,0.22187544326079447,0.40879506984951547,1.3647815299439816,0.24880256306710516,0.3731861659414006,0
m64,semilog,lookup,gap10%,teacher_feature,cheap_adjoint,0.3947501691442136,0.289523211623217,0.5181176897375073,1.4840133922685814,0.2677075829822694,0.5217927553061579,0
m64,semilog,lookup,gap10%,costate_randomised,direct,0.009797429006217592,-0.10738802282298479,0.1457055238459325,1.0098455809403606,-0.13965351180484012,0.15924836981727533,3
m64,semilog,lookup,gap10%,costate_critic,adjoint_free,0.35335780900861047,0.23377403193241397,0.4862871795768183,1.4238405152624383,0.21226204693691597,0.49445357108030485,0
m64,semilog,lookup,gap10%,direct,adjoint_free,0.3247137014581743,0.23085316026749014,0.42452072335310465,1.383634456741872,0.2625219000210267,0.3869055028953221,0
m64,semilog,lookup,gap10%,teacher_feature,uniform_pass,0.25355306789244425,0.145489020086067,0.37676407617362156,1.2885957607320857,0.12651048173050003,0.38059565405438855,0
m64,semilog,lookup,gap10%,cheap_adjoint,uniform_pass,-0.1411971012517693,-0.1956298019590606,-0.08290478082396333,0.8683181482360044,-0.1411971012517693,-0.1411971012517693,5
m64,semilog,lookup,gap10%,cheap,uniform_pass,-0.05886895913203714,-0.12205491133088732,0.004871667389937646,0.9428303103646614,-0.05886895913203714,-0.05886895913203714,5
m64,semilog,lookup,gap3%,costate_critic,direct,0.04065782906140484,-0.08650546886879873,0.1782837427821839,1.0414956750162097,-0.13932670530297092,0.22064236342578059,2
m64,semilog,lookup,gap3%,costate_critic,costate_randomised,-0.018714062295823418,-0.1073160228954547,0.049930671894625134,0.9814599585316487,-0.10590149702997315,0.0684733724383263,2
m64,semilog,lookup,gap3%,teacher_feature,direct,0.06948341573045622,-0.06109277454941109,0.1999629429194585,1.0719542834785802,-0.07522182434498084,0.21418865580589327,1
m64,semilog,lookup,gap3%,costate_critic,uniform_pass,0.03939846533119762,-0.07022265905164345,0.16024202607171362,1.0401848786958416,-0.10030310184628138,0.17910003250867662,2
m64,semilog,lookup,gap3%,direct,uniform_pass,-0.0012593637302072214,-0.08325483099861135,0.0872089019459723,0.9987414289355089,-0.08288926775409473,0.08037054029368028,2
m64,semilog,lookup,gap3%,costate_critic,cheap,0.3266129139559157,0.21759492602900868,0.44179814337769774,1.3862647695652854,0.18691134677843668,0.4663144811333947,0
m64,semilog,lookup,gap3%,direct,cheap,0.2859550848945108,0.20234164930240942,0.37962612726475164,1.331032670436879,0.20432518087062332,0.3675849889183983,0
m64,semilog,lookup,gap3%,costate_critic,cheap_adjoint,0.4554762974948284,0.34757172343328,0.573328281571484,1.5769242892809316,0.31577473031734926,0.5951778646723074,0
m64,semilog,lookup,gap3%,direct,cheap_adjoint,0.4148184684334235,0.32997815882733456,0.5106540560481958,1.5140958595496699,0.3331885644095359,0.4964483724573109,0
m64,semilog,lookup,gap3%,teacher_feature,cheap_adjoint,0.4843018841638797,0.3788725191910434,0.6168654127982316,1.6230415422414513,0.32750628268657656,0.6410974856411827,0
m64,semilog,lookup,gap3%,costate_randomised,direct,0.05937189135722826,-0.07268764867380591,0.2072158407275364,1.0611698072475415,-0.12041305645271039,0.2391568391671669,3
m64,semilog,lookup,gap3%,costate_critic,adjoint_free,0.37882718479805966,0.2638381675330198,0.5029320881352113,1.460570605128063,0.2391256176205806,0.5185287519755386,0
m64,semilog,lookup,gap3%,direct,adjoint_free,0.3381693557366548,0.24625813691035853,0.43985508170281024,1.4023779840519555,0.25653945171276726,0.41979925976054233,0
m64,semilog,lookup,gap3%,teacher_feature,uniform_pass,0.068224052000249,-0.04540942989895472,0.20711735251875124,1.0706051528349367,-0.0885715494770541,0.2250196534775521,1
m64,semilog,lookup,gap3%,cheap_adjoint,uniform_pass,-0.4160778321636308,-0.4627373205849505,-0.36786153265215427,0.6596289281397015,-0.41607783216363076,-0.41607783216363076,5
m64,semilog,lookup,gap3%,cheap,uniform_pass,-0.28721444862471807,-0.3342147965916192,-0.2393021590120368,0.750350799885097,-0.28721444862471807,-0.28721444862471807,5
m64,semilog,lookup,gap1%,costate_critic,direct,0.015593231902468663,-0.12405016490059294,0.15170823888121857,1.015715440726959,-0.17249799941275926,0.2036844632176966,2
m64,semilog,lookup,gap1%,costate_critic,costate_randomised,-0.016078686468282113,-0.09378893096800732,0.05914658474846298,0.9840498855986919,-0.10954034646790464,0.07738297353134041,3
m64,semilog,lookup,gap1%,teacher_feature,direct,0.009039054283602299,-0.14001559599401722,0.1493358659229746,1.009080029902,-0.17108046875569152,0.18915857732289612,2
m64,semilog,lookup,gap1%,costate_critic,uniform_pass,-0.05218569972464,-0.16394458588678895,0.0676046534947531,0.9491525931012232,-0.17910891482833075,0.07473751537905073,3
m64,semilog,lookup,gap1%,direct,uniform_pass,-0.06777893162710867,-0.1657459263056334,0.03557641389843002,0.9344670318508734,-0.17780637854038092,0.04224851528616361,4
m64,semilog,lookup,gap1%,costate_critic,cheap,0.3124072129688859,0.20739403648091656,0.41994573425298,1.3667111222228887,0.18548399786519523,0.4393304280725767,0
m64,semilog,lookup,gap1%,direct,cheap,0.2968139810664173,0.19966213717812728,0.40431089437584666,1.345564975604504,0.186786534153145,0.40684142797968953,0
m64,semilog,lookup,gap1%,costate_critic,cheap_adjoint,0.4989503244498353,0.3955765326096588,0.6073764986801623,1.6469915562715292,0.3720271093461446,0.6258735395535261,0
m64,semilog,lookup,gap1%,direct,cheap_adjoint,0.4833570925473666,0.3847211418028132,0.5929444190723089,1.6215088303597696,0.37332964563409426,0.5933845394606388,0
m64,semilog,lookup,gap1%,teacher_feature,cheap_adjoint,0.4923961468309689,0.3789978175446011,0.6278790831371093,1.636232179025793,0.32109967191999633,0.6636926217419414,0
m64,semilog,lookup,gap1%,costate_randomised,direct,0.03167191837075078,-0.09911118647025131,0.16993038768107757,1.0321788108425032,-0.13775678183445017,0.20110061857595174,2
m64,semilog,lookup,gap1%,costate_critic,adjoint_free,0.37363797910199414,0.26061095308305854,0.49351924203992537,1.4530110348705239,0.2467147639983035,0.5005611942056849,0
m64,semilog,lookup,gap1%,direct,adjoint_free,0.3580447471995256,0.2527336617035111,0.47126061814585934,1.4305296312425726,0.24801730028625324,0.4680721941127979,0
m64,semilog,lookup,gap1%,teacher_feature,uniform_pass,-0.058739877343506365,-0.18437084769107162,0.08538412453450314,0.9429520204425125,-0.23003635225447885,0.11255659756746614,4
m64,semilog,lookup,gap1%,cheap_adjoint,uniform_pass,-0.5511360241744753,-0.6012838309176085,-0.5000191321628399,0.5762947535990539,-0.5511360241744754,-0.5511360241744754,5
m64,semilog,lookup,gap1%,cheap,uniform_pass,-0.36459291269352584,-0.41803830051911467,-0.311083969055669,0.6944793070517149,-0.36459291269352595,-0.36459291269352595,5
m64,staircase,real,gap10%,costate_critic,direct,0.020478020805452177,-0.08875836179816804,0.1342629532832415,1.0206891340716013,-0.0934806625414803,0.13443670415238462,2
m64,staircase,real,gap10%,costate_critic,costate_randomised,-0.011566333007868685,-0.10541511537366505,0.07500692892624129,0.9885002998749609,-0.11144208388455372,0.08830941786881634,3
m64,staircase,real,gap10%,costate_critic,uniform_pass,0.47499711618355084,0.39176617065043623,0.5619766460945991,1.608009560274676,0.40860920660350253,0.5413850257635993,0
m64,staircase,real,gap10%,direct,uniform_pass,0.45451909537809876,0.3454089879924015,0.568990336270074,1.5754155762001816,0.339733245911996,0.5693049448442014,0
m64,staircase,real,gap10%,costate_critic,cheap,0.7121129382816607,0.6185260939584261,0.810884211472718,2.038293500226558,0.6457250287016123,0.778500847861709,0
m64,staircase,real,gap10%,direct,cheap,0.6916349174762085,0.5766505878314854,0.8160001627241297,1.9969777596197784,0.5768490680101059,0.8064207669423114,0
m64,staircase,real,gap10%,costate_critic,cheap_adjoint,0.8057304660205077,0.7211113628715615,0.8948986382558498,2.238330926484825,0.7393425564404591,0.8721183756005558,0
m64,staircase,real,gap10%,direct,cheap_adjoint,0.7852524452150554,0.6806171026532959,0.9002808599507762,2.192960473240235,0.6704665957489527,0.9000382946811581,0
m64,staircase,real,gap10%,costate_randomised,direct,0.03204435381332086,-0.10248404897711202,0.18720832381972255,1.0325633024094298,-0.15729345165077718,0.22138215927741894,3
m64,staircase,real,gap10%,costate_critic,adjoint_free,0.7304609425883782,0.6436869014450386,0.8192276448045208,2.076037321178578,0.6640730330083298,0.7968488521684265,0
m64,staircase,real,gap10%,direct,adjoint_free,0.709982921782926,0.6004420760616351,0.8278204442886876,2.0339565219991296,0.5951970723168235,0.8247687712490289,0
m64,staircase,real,gap10%,cheap_adjoint,uniform_pass,-0.3307333498369567,-0.3981684266984907,-0.26301992369007915,0.7183967041012862,-0.33073334983695674,-0.33073334983695674,5
m64,staircase,real,gap10%,cheap,uniform_pass,-0.23711582209810986,-0.30883696884115175,-0.16518393815790888,0.7888999106831006,-0.23711582209810983,-0.23711582209810983,5
m64,staircase,real,gap3%,costate_critic,direct,0.05479084093407425,-0.10024521763240697,0.20818682386000867,1.0563196527363181,-0.15719648858314528,0.2667781704512938,3
m64,staircase,real,gap3%,costate_critic,costate_randomised,-0.015706323827684977,-0.08204533138659097,0.04702427564283313,0.9844163772422362,-0.05052656807198887,0.019113920416618913,4
m64,staircase,real,gap3%,costate_critic,uniform_pass,0.3709284194115588,0.2426105728469993,0.5060836715907586,1.449079343722052,0.19578487717869028,0.5460719616444274,0
m64,staircase,real,gap3%,direct,uniform_pass,0.3161375784774846,0.22585233125021156,0.4151972216781304,1.3718189754098762,0.2419561870461328,0.39031896990883636,0
m64,staircase,real,gap3%,costate_critic,cheap,0.8003774733421816,0.6752322265486277,0.930803805518319,2.2263811694392097,0.6252339311093127,0.97552101557505,0
m64,staircase,real,gap3%,direct,cheap,0.7455866324081073,0.6613713862989535,0.840599038185172,2.107677504315984,0.6714052409767556,0.819768023839459,0
m64,staircase,real,gap3%,costate_critic,cheap_adjoint,0.9488136875986524,0.8197730945179923,1.0820796648789102,2.5826440186440216,0.7736701453657838,1.123957229831521,0
m64,staircase,real,gap3%,direct,cheap_adjoint,0.8940228466645783,0.8078012689501449,0.9931654704006021,2.4449455351454206,0.8198414552332265,0.9682042380959301,0
m64,staircase,real,gap3%,costate_randomised,direct,0.07049716476175923,-0.07467308759048573,0.2205038458885985,1.0730415270980285,-0.11729579100649497,0.25829012053001343,2
m64,staircase,real,gap3%,costate_critic,adjoint_free,0.8547037649454982,0.7234952331547507,0.9900640729813461,2.3506779242196045,0.6795602227126295,1.0298473071783667,0
m64,staircase,real,gap3%,direct,adjoint_free,0.7999129240114238,0.703627608703445,0.9063796258720815,2.2253471457530365,0.7257315325800721,0.8740943154427755,0
m64,staircase,real,gap3%,cheap_adjoint,uniform_pass,-0.5778852681870936,-0.6429432256941513,-0.5102248453274069,0.5610836542942799,-0.5778852681870935,-0.5778852681870935,5
m64,staircase,real,gap3%,cheap,uniform_pass,-0.42944905393062266,-0.4890948287770838,-0.3681958244584539,0.6508675888985588,-0.4294490539306226,-0.4294490539306226,5
m64,staircase,real,gap1%,costate_critic,direct,0.057942003550240144,-0.116300690043603,0.2351760796226701,1.059653537784967,-0.1938878347805778,0.3097718418810581,2
m64,staircase,real,gap1%,costate_critic,costate_randomised,-0.02422892259614435,-0.11225475337726254,0.07275699906914462,0.9760622414780982,-0.14284027501188637,0.09438242981959766,4
m64,staircase,real,gap1%,costate_critic,uniform_pass,0.24296574146683142,0.08933184162050307,0.4082825237970487,1.2750249428859397,0.023515800406676723,0.4624156825269861,0
m64,staircase,real,gap1%,direct,uniform_pass,0.18502373791659124,0.07372674864488109,0.30309691846486686,1.2032470023656707,0.06588781664540451,0.3041596591877781,0
m64,staircase,real,gap1%,costate_critic,cheap,0.7978668242502874,0.6499174881006049,0.9602469602827748,2.220798518549095,0.5784168831901326,1.017316765310442,0
m64,staircase,real,gap1%,direct,cheap,0.7399248207000472,0.6312784954971395,0.855151566134995,2.0957779494525277,0.6207888994288603,0.8590607419712338,0
m64,staircase,real,gap1%,costate_critic,cheap_adjoint,0.9957638452293451,0.8449806092776165,1.1599911874004976,2.7067911213137767,0.7763139041691904,1.2152137862894998,0
m64,staircase,real,gap1%,direct,cheap_adjoint,0.9378218416791051,0.827336755619082,1.057156273624576,2.554411441849081,0.8186859204079182,1.0569577629502918,0
m64,staircase,real,gap1%,costate_randomised,direct,0.08217092614638451,-0.05405878637880904,0.22177710224161587,1.0856413584652989,-0.08412963572627088,0.24847148801903987,2
m64,staircase,real,gap1%,costate_critic,adjoint_free,0.810589595840489,0.6550999395300608,0.9759509906318312,2.2492337346645623,0.5911396547803341,1.0300395369006434,0
m64,staircase,real,gap1%,direct,adjoint_free,0.7526475922902485,0.6328770707326239,0.8768412998601248,2.1226123959027383,0.6335116710190618,0.8717835135614356,0
m64,staircase,real,gap1%,cheap_adjoint,uniform_pass,-0.7527981037625139,-0.8262937821317861,-0.6770255613363678,0.4710466695587096,-0.7527981037625138,-0.7527981037625138,5
m64,staircase,real,gap1%,cheap,uniform_pass,-0.5549010827834558,-0.6244014026220663,-0.4850563710342306,0.5741290496352396,-0.554901082783456,-0.554901082783456,5
m64,staircase,lookup,gap10%,costate_critic,direct,0.040359946509552075,-0.07216880338117442,0.1538652344809178,1.0411854778302507,-0.09513650294925818,0.17585639596836233,2
m64,staircase,lookup,gap10%,costate_critic,costate_randomised,0.00837779253228713,-0.09112969040915116,0.08815273226153676,1.00841298444434,-0.07806066414850378,0.09481624921307803,2
m64,staircase,lookup,gap10%,teacher_feature,direct,0.09398875482600481,-0.05406951710310606,0.2565298253209441,1.098547392491145,-0.08420601861849786,0.27218352827050746,2
m64,staircase,lookup,gap10%,costate_critic,uniform_pass,0.07870164252420543,-0.03334973295195386,0.19746086368670393,1.0818814864830881,-0.04709620878741559,0.20449949383582644,2
m64,staircase,lookup,gap10%,direct,uniform_pass,0.038341696014653356,-0.05854980194854068,0.13735202672027347,1.039086223847114,-0.04419124447981049,0.1208746365091172,2
m64,staircase,lookup,gap10%,costate_critic,cheap,0.3158174646223153,0.1983639465847981,0.4443906646156832,1.3713799074286848,0.19001961331069417,0.4416153159339362,0
m64,staircase,lookup,gap10%,direct,cheap,0.2754575181127632,0.17301289866494723,0.38643958095522,1.3171331493083571,0.19292457761829934,0.35799045860722706,0
m64,staircase,lookup,gap10%,costate_critic,cheap_adjoint,0.40943499236116215,0.30076765424653307,0.5299902546316521,1.5059666620220942,0.28363714104954113,0.5352328436727833,0
m64,staircase,lookup,gap10%,direct,cheap_adjoint,0.36907504585161005,0.2754519419654223,0.47220036957000167,1.4463961456323915,0.28654210535714625,0.45160798634607396,0
m64,staircase,lookup,gap10%,teacher_feature,cheap_adjoint,0.4630638006776149,0.35263835487065953,0.595739691527057,1.5889347142937063,0.33667430954265193,0.5894532918125779,0
m64,staircase,lookup,gap10%,costate_randomised,direct,0.03198215397726495,-0.09317847522769777,0.18242815727430955,1.0324990791386617,-0.1348421799047277,0.19880648785925759,3
m64,staircase,lookup,gap10%,costate_critic,adjoint_free,0.3341654689290328,0.22113608699481027,0.4570715487805315,1.3967742471925275,0.20836761761741174,0.4599633202406538,0
m64,staircase,lookup,gap10%,direct,adjoint_free,0.2938055224194807,0.1954358798243728,0.3977646302895553,1.3415229821523214,0.21127258192501686,0.37633846291394457,0
m64,staircase,lookup,gap10%,teacher_feature,uniform_pass,0.13233045084065817,0.022014276124048465,0.26258477974074507,1.1414854617807173,0.005940959705695248,0.25871994197562104,0
m64,staircase,lookup,gap10%,cheap_adjoint,uniform_pass,-0.3307333498369567,-0.3981684266984907,-0.26301992369007915,0.7183967041012862,-0.33073334983695674,-0.33073334983695674,5
m64,staircase,lookup,gap10%,cheap,uniform_pass,-0.23711582209810986,-0.30883696884115175,-0.16518393815790888,0.7888999106831006,-0.23711582209810983,-0.23711582209810983,5
m64,staircase,lookup,gap3%,costate_critic,direct,0.032498466725614426,-0.10124920813234203,0.1827259666677106,1.0330323092207792,-0.15738767954660982,0.22238461299783863,4
m64,staircase,lookup,gap3%,costate_critic,costate_randomised,-0.03129611932383451,-0.12176983376048856,0.04315326865547282,0.9691885351256919,-0.11030738914257682,0.04771515049490779,4
m64,staircase,lookup,gap3%,teacher_feature,direct,0.048062219975063734,-0.09435635772420496,0.18928922501640102,1.049235936727365,-0.11045368459966455,0.20657812454979202,1
m64,staircase,lookup,gap3%,costate_critic,uniform_pass,-0.06837396212115675,-0.17907021553272612,0.05632833809445069,0.9339111608677335,-0.19338279102786543,0.05663486678555196,4
m64,staircase,lookup,gap3%,direct,uniform_pass,-0.10087242884677115,-0.1971920936834884,-0.00047533855380731073,0.9040483560211072,-0.19658837144155192,-0.0051564862519904164,5
m64,staircase,lookup,gap3%,costate_critic,cheap,0.36107509180946595,0.2621215102189086,0.4694597246617264,1.4348712039082476,0.23606626290275723,0.4860839207161747,0
m64,staircase,lookup,gap3%,direct,cheap,0.3285766250838515,0.23828546795386704,0.42572842408188727,1.388989667700304,0.23286068248907066,0.4242925676786322,0
m64,staircase,lookup,gap3%,costate_critic,cheap_adjoint,0.5095113060659368,0.40414541234060813,0.6218143148081032,1.6644775760619663,0.3845024771592281,0.6345201349726455,0
m64,staircase,lookup,gap3%,direct,cheap_adjoint,0.47701283934032235,0.38573662304276557,0.5780371732788834,1.6112541313615731,0.3812968967455418,0.5727287819351031,0
m64,staircase,lookup,gap3%,teacher_feature,cheap_adjoint,0.5250750593153861,0.40633103005554916,0.667881286535201,1.6905857378249969,0.35271551679081053,0.6974346018399618,0
m64,staircase,lookup,gap3%,costate_randomised,direct,0.06379458604944893,-0.08329593956260123,0.21735594466504374,1.0658734310005096,-0.13288919499203644,0.26047836709093436,2
m64,staircase,lookup,gap3%,costate_critic,adjoint_free,0.4154013834127824,0.3040259424013353,0.5398204933613664,1.5149787059935964,0.29039255450607365,0.5404102123194912,0
m64,staircase,lookup,gap3%,direct,adjoint_free,0.38290291668716797,0.2825035228998163,0.4899099288835391,1.4665356470180024,0.28718697409238725,0.4786188592819486,0
m64,staircase,lookup,gap3%,teacher_feature,uniform_pass,-0.052810208871707426,-0.18038925151897056,0.10062901064678267,0.9485600236766408,-0.225169751396283,0.11954933365286816,4
m64,staircase,lookup,gap3%,cheap_adjoint,uniform_pass,-0.5778852681870936,-0.6429432256941513,-0.5102248453274069,0.5610836542942799,-0.5778852681870935,-0.5778852681870935,5
m64,staircase,lookup,gap3%,cheap,uniform_pass,-0.42944905393062266,-0.4890948287770838,-0.3681958244584539,0.6508675888985588,-0.4294490539306226,-0.4294490539306226,5
m64,staircase,lookup,gap1%,costate_critic,direct,0.025174160977800987,-0.11972122205608382,0.15802823257271303,1.025493705959229,-0.16265480538596133,0.2130031273415633,2
m64,staircase,lookup,gap1%,costate_critic,costate_randomised,-0.036879745799571824,-0.12196053204815677,0.048792231243058794,0.9637920284203562,-0.13716946530271262,0.06340997370356898,4
m64,staircase,lookup,gap1%,teacher_feature,direct,5.5608021922539664e-05,-0.1721324597769781,0.15019148534952148,1.0000556095680773,-0.2081123248307772,0.20822354087462228,2
m64,staircase,lookup,gap1%,costate_critic,uniform_pass,-0.21076589885598943,-0.321042467741381,-0.09356322694174092,0.809963658107619,-0.31731813908306866,-0.10421365862891017,5
m64,staircase,lookup,gap1%,direct,uniform_pass,-0.2359400598337904,-0.3489598862466877,-0.1176859966332424,0.789828014936467,-0.36409307363501153,-0.10778704603256914,5
m64,staircase,lookup,gap1%,costate_critic,cheap,0.3441351839274664,0.2460903700989591,0.4445401810702754,1.410769335957154,0.23758294370038716,0.45068742415454566,0
m64,staircase,lookup,gap1%,direct,cheap,0.31896102294966544,0.20887258396351369,0.43496995010855916,1.375697703222415,0.19080800914844426,0.4471140367508866,0
m64,staircase,lookup,gap1%,costate_critic,cheap_adjoint,0.5420322049065243,0.44373011041979793,0.6425591543213091,1.719497685582655,0.43547996467944516,0.6485844451336038,0
m64,staircase,lookup,gap1%,direct,cheap_adjoint,0.5168580439287234,0.40617816149211805,0.6368401397065423,1.6767510864186794,0.388705030127502,0.6450110577299445,0
m64,staircase,lookup,gap1%,teacher_feature,cheap_adjoint,0.5169136519506458,0.38947486064852155,0.6655954066986349,1.6768443298223679,0.32791560165693817,0.7059117022443535,0
m64,staircase,lookup,gap1%,costate_randomised,direct,0.06205390677737281,-0.06762397306906705,0.19006177840312824,1.0640197010552175,-0.09332878248482847,0.2174365960395741,2
m64,staircase,lookup,gap1%,costate_critic,adjoint_free,0.35685795551766797,0.24430944755226286,0.4728158659917678,1.4288328976093947,0.2503057152905887,0.46341019574474723,0
m64,staircase,lookup,gap1%,direct,adjoint_free,0.3316837945398669,0.21325343726740373,0.45630348921060343,1.393312205922209,0.2035307807386457,0.4598368083410881,0
m64,staircase,lookup,gap1%,teacher_feature,uniform_pass,-0.23588445181186782,-0.3790529458662409,-0.07475230780577101,0.789871936931233,-0.42488250210557554,-0.04688640151816015,4
m64,staircase,lookup,gap1%,cheap_adjoint,uniform_pass,-0.7527981037625139,-0.8262937821317861,-0.6770255613363678,0.4710466695587096,-0.7527981037625138,-0.7527981037625138,5
m64,staircase,lookup,gap1%,cheap,uniform_pass,-0.5549010827834558,-0.6244014026220663,-0.4850563710342306,0.5741290496352396,-0.554901082783456,-0.554901082783456,5
