cell,price,arm,target,retained_cheap_to_cheap_adjoint_mean,retained_min,retained_max,geometric_mean_compute,ratio_to_uniform,break_even_instances_mean_over_seeds
m4,real,direct,gap10%,-12.497561147410734,-12.938896206775633,-12.223854668873303,3466.577570710754,9.643118907182416,
m4,real,direct,gap3%,-13.680336190593323,-14.043802698405464,-13.274331910046868,5827.181980345485,7.263607571701604,
m4,real,direct,gap1%,-19.45128830705317,-19.99329157213054,-18.97616572209691,8923.20037397863,6.14436737803315,
m4,real,costate_critic,gap10%,-12.858494029542229,-13.030648029873557,-12.539392341480664,3702.6648633976397,10.299852469151329,
m4,real,costate_critic,gap3%,-14.265479572988776,-14.67522148464751,-13.873403601292118,6421.692548655189,8.00466756948375,
m4,real,costate_critic,gap1%,-20.285052720390137,-20.943561259636617,-19.90482048057431,9829.6952561347,6.768564678198707,
m4,real,costate_randomised,gap10%,-12.95527995415576,-13.196611781257323,-12.493979579033136,3768.6625375832105,10.483440866291525,
m4,real,costate_randomised,gap3%,-14.43632767032706,-14.934044212138305,-13.962647088435705,6606.451743675789,8.234970706131897,
m4,real,costate_randomised,gap1%,-20.660079966468796,-21.337538637907922,-19.865825014410053,10266.924881452594,7.069633726737296,
m4,lookup,direct,gap10%,0.7123861995949314,0.07237268399953412,0.965870877306633,310.9302862833709,0.8649273415393571,2081832.9621643617
m4,lookup,direct,gap3%,0.6569816147009517,0.11634224110874895,1.0515227822913602,539.1216311659106,0.672017447784024,356849.20774898655
m4,lookup,direct,gap1%,0.9298102024242161,0.3166607693812775,1.382644065981059,838.2430103354111,0.5772001963094702,154543.7217045455
m4,lookup,costate_critic,gap10%,0.6296469352946803,0.31343134244171045,1.1083417780982232,315.66199933022097,0.8780897389225739,10026552.028616626
m4,lookup,costate_critic,gap3%,0.45225749674568555,0.06263494068886455,0.9245952538480707,557.7609401965863,0.6952514272037769,1893821.5976152173
m4,lookup,costate_critic,gap1%,0.5233562641059907,0.016284490773671983,0.9925849868759592,878.7272396499773,0.6050769633325022,828123.5645968496
m4,lookup,costate_randomised,gap10%,0.7155381482165533,0.45197610178002096,1.022207250999702,310.75144112964756,0.8644298407484043,3285571.6252483386
m4,lookup,costate_randomised,gap3%,0.6225689789251112,0.3508737650873036,0.8233962626715643,542.2106345961081,0.6758679039359469,741482.6237138335
m4,lookup,costate_randomised,gap1%,0.7839202024954546,0.2780237923589975,1.173237907313552,852.5549713800146,0.58705517466618,331325.28101184004
m4,lookup,teacher_feature,gap10%,1.1432787068556398,1.0000103268607634,1.3037640935591646,287.4110048088766,0.7995028058860153,218188.16148023843
m4,lookup,teacher_feature,gap3%,1.1424826721073467,1.02932004272014,1.2151098196936516,497.37092850054546,0.6199750161203353,58757.6788514427
m4,lookup,teacher_feature,gap1%,1.4053599006707884,1.0143793955252483,1.630877008325491,793.2380861156151,0.5462105539572307,28467.749392908543
m64,real,direct,gap10%,-7.3467984953227115,-8.453658043915611,-5.7291525984930916,478.69960855462915,1.8219247755868897,
m64,real,direct,gap3%,-5.068141839030784,-5.605164930483562,-4.566104776380907,960.0631929972509,1.5589293033012073,
m64,real,direct,gap1%,-3.6625525769430824,-4.078320627024731,-2.994072826852703,1686.8828675024631,1.4596569166588353,
m64,real,costate_critic,gap10%,-6.921366703303036,-7.787968941750077,-6.020419167738813,461.69221083575763,1.7571948307142988,
m64,real,costate_critic,gap3%,-5.201921683920195,-6.070858838178914,-4.335162346471201,977.6733865508684,1.5875243447190892,
m64,real,costate_critic,gap1%,-3.684676911212454,-4.43383727790692,-3.044163736119311,1694.1270861664464,1.465925326921563,
m64,real,costate_randomised,gap10%,-7.188336222684853,-8.63052569986049,-5.988651356638637,472.2927845542738,1.7975404828687143,
m64,real,costate_randomised,gap3%,-5.485911300726764,-6.871435803627623,-4.497011499934769,1016.1345632761231,1.6499767498042799,
m64,real,costate_randomised,gap1%,-3.8651173151970104,-4.728318844932989,-3.2161064016345313,1754.3825715320656,1.5180642973711123,
m64,lookup,direct,gap10%,-2.581828792560647,-3.272466846985691,-1.9263970211908856,319.22747381542524,1.214975807789835,
m64,lookup,direct,gap3%,-2.0444641022956116,-2.586645467980145,-1.5041466001085633,636.6211742919197,1.033731332421303,82046.33464629504
m64,lookup,direct,gap1%,-1.516409623159636,-1.8867255759489647,-0.8175032934236018,1113.1541009581667,0.9632103770052445,18033.340266240804
m64,lookup,costate_critic,gap10%,-2.9449844907243814,-5.130356811854008,-1.2077821035554286,329.2388135405542,1.253078842670316,
m64,lookup,costate_critic,gap3%,-2.3646597112773913,-3.615998332333917,-1.4447556994374278,664.928463230134,1.0796960798927986,4843253.8769405065
m64,lookup,costate_critic,gap1%,-1.6085008428571101,-2.27592136402621,-0.877299928847849,1133.187659344947,0.9805453814847479,215851.68176530418
m64,lookup,costate_randomised,gap10%,-2.639099566985185,-4.590818956684178,-1.2233124291311364,320.7858332781189,1.2209069045854317,
m64,lookup,costate_randomised,gap3%,-2.4683766343068503,-3.694119452145262,-1.3573935481222286,674.3649170714141,1.095018784189476,114185.52045293589
m64,lookup,costate_randomised,gap1%,-1.6784968004546783,-2.4511392628267834,-0.9449463428032707,1148.655426946821,0.9939296148540597,140715.6212845399
m64,lookup,teacher_feature,gap10%,-3.6381450324891964,-5.191766831302026,-2.4998149784461994,349.2274339478092,1.3291552841358485,
m64,lookup,teacher_feature,gap3%,-2.582812934626282,-4.153716497923,-1.6886953125101525,684.9321210483945,1.1121775754584617,50850.499965342824
m64,lookup,teacher_feature,gap1%,-1.576927974656666,-2.7088341036840724,-0.7980180783516272,1126.278993714917,0.9745673246996394,10414.580900391476
