arm,seed,latent_effective_rank,latent_dim
adjoint_rwm,0,61.853889111272984,512
adjoint_rwm,1,62.11810518388785,512
adjoint_rwm,2,59.95695434864829,512
adjoint_rwm,3,56.738108840631206,512
adjoint_rwm,4,56.81655090779849,512
dreamerv3_rssm,0,145.65346142682296,3840
dreamerv3_rssm,1,129.31466290911817,3840
dreamerv3_rssm,2,121.10359417556171,3840
dreamerv3_rssm,3,136.31455404937682,3840
dreamerv3_rssm,4,134.06047102020418,3840
tdmpc2,0,353.40059996524167,1504
tdmpc2,1,354.073693114409,1504
tdmpc2,2,347.4593415552939,1504
tdmpc2,3,349.63003470080577,1504
tdmpc2,4,354.5736842745736,1504
dino_wm,0,136.41036459571396,496
dino_wm,1,133.82535721437063,496
dino_wm,2,133.80631137341535,496
dino_wm,3,132.6915277815299,496
dino_wm,4,135.68731628237677,496
vjepa2_ac,0,47.20657578558588,288
vjepa2_ac,1,47.05240598193458,288
vjepa2_ac,2,46.768453332020584,288
vjepa2_ac,3,45.17095376642925,288
vjepa2_ac,4,46.66771304220042,288
