arm,seed,split,condition,rmse_norm,rmse_norm_h1,rmse_norm_h2,rmse_norm_h3,rmse_norm_h4,rmse_native,rmse_native_cartesian_position,rmse_native_gripper_position,rmse_native_joint_position,visual_cos,cover_1sigma,cover_2sigma,num_windows,num_episodes
adjoint_rwm,0,test,actions_shuffled,0.8294742107391357,0.7262009978294373,0.8206816911697388,0.8712169528007507,0.8997972011566162,0.9076424241065979,1.3263988494873047,0.39192676544189453,0.34302547574043274,0.7659544944763184,0.1051325872540474,0.18355432152748108,835,10
adjoint_rwm,0,test,nominal,0.15449009835720062,0.13635602593421936,0.1431276798248291,0.16067712008953094,0.17779958248138428,0.23814891278743744,0.35567593574523926,0.06515645980834961,0.06541678309440613,0.770473062992096,0.6404191851615906,0.8527587652206421,835,10
adjoint_rwm,1,test,actions_shuffled,0.8400064706802368,0.7417121529579163,0.8313828110694885,0.8799283504486084,0.9070025682449341,0.9346563816070557,1.3685367107391357,0.38881850242614746,0.3466154634952545,0.7655627131462097,0.10611634701490402,0.18887940049171448,835,10
adjoint_rwm,1,test,nominal,0.15653935074806213,0.139897882938385,0.14514441788196564,0.1622564047574997,0.17885872721672058,0.2406456023454666,0.35939908027648926,0.06537331640720367,0.06596516072750092,0.7702081203460693,0.6434559226036072,0.8487810492515564,835,10
adjoint_rwm,2,test,actions_shuffled,0.8338652849197388,0.7336871027946472,0.8251931667327881,0.8744988441467285,0.9020819067955017,0.9376763701438904,1.3748693466186523,0.3883313238620758,0.34159746766090393,0.7661684155464172,0.10878957062959671,0.1897989809513092,835,10
adjoint_rwm,2,test,nominal,0.15938720107078552,0.1429758220911026,0.14841197431087494,0.16530083119869232,0.18086019158363342,0.23540371656417847,0.3504936695098877,0.06636574864387512,0.0689668133854866,0.7699613571166992,0.6434131860733032,0.8549401164054871,835,10
adjoint_rwm,3,test,actions_shuffled,0.8369349837303162,0.7432706952095032,0.8292837738990784,0.8749342560768127,0.9002512097358704,0.893277108669281,1.3024678230285645,0.3967888355255127,0.3453928232192993,0.7671152949333191,0.10750643163919449,0.18960651755332947,835,10
adjoint_rwm,3,test,nominal,0.1562754213809967,0.1390264481306076,0.14478465914726257,0.16207922995090485,0.17921139299869537,0.2410498857498169,0.3599717617034912,0.06806665658950806,0.06623626500368118,0.770830512046814,0.6387082934379578,0.8645851612091064,835,10
adjoint_rwm,4,test,actions_shuffled,0.8278779983520508,0.727942705154419,0.818623960018158,0.8683489561080933,0.896596372127533,0.8985820412635803,1.3122278451919556,0.39421647787094116,0.3416512608528137,0.76632159948349,0.10588109493255615,0.1873609870672226,835,10
adjoint_rwm,4,test,nominal,0.15438039600849152,0.1356641799211502,0.14298556745052338,0.16092856228351593,0.17794328927993774,0.23786109685897827,0.3552274703979492,0.06752938032150269,0.06506092101335526,0.7706253528594971,0.6515825390815735,0.8560093641281128,835,10
dino_wm,0,test,actions_shuffled,0.704658567905426,0.479714035987854,0.6858946084976196,0.7953812479972839,0.857644259929657,0.8054689764976501,1.1816080808639526,0.38874706625938416,0.28125324845314026,0.8210725784301758,0.11298118531703949,0.2096663862466812,835,10
dino_wm,0,test,nominal,0.2645018994808197,0.22048455476760864,0.25440242886543274,0.28023838996887207,0.30288219451904297,0.24230346083641052,0.34143170714378357,0.07824864983558655,0.12778277695178986,0.8259944915771484,0.294803261756897,0.5221770405769348,835,10
dino_wm,1,test,actions_shuffled,0.705420970916748,0.48863786458969116,0.6875450611114502,0.7936022877693176,0.8518985509872437,0.861174464225769,1.2756953239440918,0.3991129994392395,0.25586479902267456,0.8207991123199463,0.11062873899936676,0.20750640332698822,835,10
dino_wm,1,test,nominal,0.2595384120941162,0.21782471239566803,0.24860917031764984,0.2745848298072815,0.29713499546051025,0.2503714859485626,0.35368120670318604,0.07498487830162048,0.13097448647022247,0.8252579569816589,0.2812660336494446,0.49491018056869507,835,10
dino_wm,2,test,actions_shuffled,0.7211845517158508,0.5045344233512878,0.7079398036003113,0.8090023398399353,0.8632617592811584,0.8784276247024536,1.295259714126587,0.4002121686935425,0.28641650080680847,0.8193921446800232,0.11770745366811752,0.2152908593416214,835,10
dino_wm,2,test,nominal,0.2632843255996704,0.20976600050926208,0.2510386109352112,0.28361776471138,0.308714896440506,0.2496623545885086,0.3454706072807312,0.08444026112556458,0.1439502239227295,0.8253207206726074,0.2903122305870056,0.49995723366737366,835,10
dino_wm,3,test,actions_shuffled,0.7035841941833496,0.49716636538505554,0.6871086359024048,0.7873563766479492,0.8427054286003113,0.8638219833374023,1.2776820659637451,0.4078124463558197,0.2628374993801117,0.8208233118057251,0.11351583153009415,0.2052823007106781,835,10
dino_wm,3,test,nominal,0.278140664100647,0.2319144904613495,0.26593995094299316,0.2945570647716522,0.3201512098312378,0.2565966248512268,0.35737818479537964,0.07519803941249847,0.14560525119304657,0.8251700401306152,0.29713431000709534,0.5121471285820007,835,10
dino_wm,4,test,actions_shuffled,0.7188317775726318,0.5102307200431824,0.7052492499351501,0.8029676079750061,0.8568795323371887,0.8302726149559021,1.2251124382019043,0.40943896770477295,0.26097726821899414,0.8204604387283325,0.11285287141799927,0.20393499732017517,835,10
dino_wm,4,test,nominal,0.25518786907196045,0.2130700796842575,0.24252036213874817,0.2710098922252655,0.294151246547699,0.252241849899292,0.35943302512168884,0.07970914244651794,0.12353216111660004,0.8250501155853271,0.2916381359100342,0.5050684809684753,835,10
dreamerv3_rssm,0,test,actions_shuffled,0.8016353845596313,0.5925341248512268,0.7922336459159851,0.8876808285713196,0.9340929985046387,0.8363332748413086,1.206703543663025,0.38138413429260254,0.35938870906829834,0.7523253560066223,0.1700812727212906,0.2965354919433594,835,10
dreamerv3_rssm,0,test,nominal,0.35322922468185425,0.3525635302066803,0.3533819019794464,0.35301363468170166,0.3539579510688782,0.2817571461200714,0.37462520599365234,0.11879028379917145,0.1909502148628235,0.7554396390914917,0.5502994060516357,0.8156971335411072,835,10
dreamerv3_rssm,1,test,actions_shuffled,0.7775843739509583,0.5599973797798157,0.7639211416244507,0.8672893047332764,0.9191295504570007,0.8086246252059937,1.1652380228042603,0.3687173128128052,0.3523179292678833,0.7557501792907715,0.20241661369800568,0.36165526509284973,835,10
dreamerv3_rssm,1,test,nominal,0.3667699992656708,0.3651449382305145,0.36640000343322754,0.3673884868621826,0.3681465685367584,0.2972244620323181,0.3945831060409546,0.12178170680999756,0.2027534395456314,0.7575920224189758,0.5938194990158081,0.8707442283630371,835,10
dreamerv3_rssm,2,test,actions_shuffled,0.778598427772522,0.5648035407066345,0.7645021080970764,0.866509199142456,0.9185788631439209,0.8073282241821289,1.1625001430511475,0.365244597196579,0.3545936942100525,0.7568701505661011,0.21062874794006348,0.3778870701789856,835,10
dreamerv3_rssm,2,test,nominal,0.36410361528396606,0.3635125458240509,0.36354750394821167,0.36444586515426636,0.3649083971977234,0.2954987585544586,0.3918984532356262,0.11183489859104156,0.20298978686332703,0.7590948343276978,0.6011976003646851,0.8768391609191895,835,10
dreamerv3_rssm,3,test,actions_shuffled,0.7920730113983154,0.5785686373710632,0.7797060608863831,0.880144476890564,0.9298731088638306,0.8144641518592834,1.1726558208465576,0.37394675612449646,0.3573939800262451,0.7544293999671936,0.1967065930366516,0.3503635823726654,835,10
dreamerv3_rssm,3,test,nominal,0.36564815044403076,0.36508363485336304,0.36526137590408325,0.3660094738006592,0.3662380576133728,0.300129771232605,0.40217646956443787,0.11330877244472504,0.19919857382774353,0.7584254145622253,0.5783147811889648,0.8536996841430664,835,10
dreamerv3_rssm,4,test,actions_shuffled,0.7832096219062805,0.5722342133522034,0.7716732621192932,0.8702772855758667,0.9186537265777588,0.8231586217880249,1.1870747804641724,0.36922144889831543,0.3571206033229828,0.757230818271637,0.1905902475118637,0.34298548102378845,835,10
dreamerv3_rssm,4,test,nominal,0.3580593466758728,0.35721078515052795,0.35798823833465576,0.3581812083721161,0.3588571548461914,0.28971174359321594,0.38618698716163635,0.10942155122756958,0.19575047492980957,0.7588083744049072,0.5668092370033264,0.8573566675186157,835,10
persistence,0,test,nominal,0.2272094190120697,0.11940940469503403,0.19743727147579193,0.26656198501586914,0.3254290223121643,0.4179130792617798,0.6312785148620605,0.12847840785980225,0.07128109037876129,,,,835,10
persistence,1,test,nominal,0.2272094190120697,0.11940940469503403,0.19743727147579193,0.26656198501586914,0.3254290223121643,0.4179130792617798,0.6312785148620605,0.12847840785980225,0.07128109037876129,,,,835,10
persistence,2,test,nominal,0.2272094190120697,0.11940940469503403,0.19743727147579193,0.26656198501586914,0.3254290223121643,0.4179130792617798,0.6312785148620605,0.12847840785980225,0.07128109037876129,,,,835,10
persistence,3,test,nominal,0.2272094190120697,0.11940940469503403,0.19743727147579193,0.26656198501586914,0.3254290223121643,0.4179130792617798,0.6312785148620605,0.12847840785980225,0.07128109037876129,,,,835,10
persistence,4,test,nominal,0.2272094190120697,0.11940940469503403,0.19743727147579193,0.26656198501586914,0.3254290223121643,0.4179130792617798,0.6312785148620605,0.12847840785980225,0.07128109037876129,,,,835,10
ridge,0,test,actions_shuffled,0.5818518400192261,0.2445240169763565,0.5647952556610107,0.7260034084320068,0.7920846939086914,0.7769690155982971,1.1667007207870483,0.3380129635334015,0.152004212141037,,,,835,10
ridge,0,test,nominal,0.10580633580684662,0.07077503949403763,0.09491497278213501,0.11452490091323853,0.14301042258739471,0.21944108605384827,0.3321736454963684,0.03947330638766289,0.03492407500743866,,,,835,10
ridge,1,test,actions_shuffled,0.5818518400192261,0.2445240169763565,0.5647952556610107,0.7260034084320068,0.7920846939086914,0.7769690155982971,1.1667007207870483,0.3380129635334015,0.152004212141037,,,,835,10
ridge,1,test,nominal,0.10580633580684662,0.07077503949403763,0.09491497278213501,0.11452490091323853,0.14301042258739471,0.21944108605384827,0.3321736454963684,0.03947330638766289,0.03492407500743866,,,,835,10
ridge,2,test,actions_shuffled,0.5818518400192261,0.2445240169763565,0.5647952556610107,0.7260034084320068,0.7920846939086914,0.7769690155982971,1.1667007207870483,0.3380129635334015,0.152004212141037,,,,835,10
ridge,2,test,nominal,0.10580633580684662,0.07077503949403763,0.09491497278213501,0.11452490091323853,0.14301042258739471,0.21944108605384827,0.3321736454963684,0.03947330638766289,0.03492407500743866,,,,835,10
ridge,3,test,actions_shuffled,0.5818518400192261,0.2445240169763565,0.5647952556610107,0.7260034084320068,0.7920846939086914,0.7769690155982971,1.1667007207870483,0.3380129635334015,0.152004212141037,,,,835,10
ridge,3,test,nominal,0.10580633580684662,0.07077503949403763,0.09491497278213501,0.11452490091323853,0.14301042258739471,0.21944108605384827,0.3321736454963684,0.03947330638766289,0.03492407500743866,,,,835,10
ridge,4,test,actions_shuffled,0.5818518400192261,0.2445240169763565,0.5647952556610107,0.7260034084320068,0.7920846939086914,0.7769690155982971,1.1667007207870483,0.3380129635334015,0.152004212141037,,,,835,10
ridge,4,test,nominal,0.10580633580684662,0.07077503949403763,0.09491497278213501,0.11452490091323853,0.14301042258739471,0.21944108605384827,0.3321736454963684,0.03947330638766289,0.03492407500743866,,,,835,10
tdmpc2,0,test,actions_shuffled,0.9573860168457031,0.9123646020889282,0.9537710547447205,0.975665807723999,0.9877426624298096,0.9925849437713623,1.435833215713501,0.4380825161933899,0.4191358983516693,0.7219168543815613,0.10434132069349289,0.1666167676448822,835,10
tdmpc2,0,test,nominal,0.23724928498268127,0.24561600387096405,0.2322908341884613,0.23341017961502075,0.2376801073551178,0.2706885039806366,0.39249300956726074,0.08208606392145157,0.11565662175416946,0.7292957305908203,0.5028229355812073,0.7353721261024475,835,10
tdmpc2,1,test,actions_shuffled,0.9604817628860474,0.9185305833816528,0.95618736743927,0.9774982929229736,0.9897108674049377,0.9891846179962158,1.4297635555267334,0.43742722272872925,0.4210151731967926,0.7199661731719971,0.10367835313081741,0.1691402941942215,835,10
tdmpc2,1,test,nominal,0.24732579290866852,0.25396522879600525,0.24194364249706268,0.24413883686065674,0.2492554634809494,0.2747229337692261,0.3963776230812073,0.08424630016088486,0.12264156341552734,0.7269116044044495,0.4967707693576813,0.7262831330299377,835,10
tdmpc2,2,test,actions_shuffled,0.9605045318603516,0.9157344698905945,0.9567732810974121,0.9784946441650391,0.9910156726837158,0.9887419939041138,1.4290482997894287,0.4384203255176544,0.4208877980709076,0.7222650647163391,0.1136227622628212,0.18218563497066498,835,10
tdmpc2,2,test,nominal,0.24660533666610718,0.2529183328151703,0.2417754977941513,0.24367962777614594,0.2480478733778,0.2746315002441406,0.3978368043899536,0.07751379162073135,0.11884080618619919,0.7300113439559937,0.5119974613189697,0.762061595916748,835,10
tdmpc2,3,test,actions_shuffled,0.9621114134788513,0.9185857176780701,0.9579161405563354,0.9797682762145996,0.9921755194664001,0.9929097294807434,1.434700846672058,0.4391270875930786,0.42396679520606995,0.7205053567886353,0.10558170080184937,0.17219847440719604,835,10
tdmpc2,3,test,nominal,0.2482273280620575,0.2598015367984772,0.2441273331642151,0.24331852793693542,0.24566185474395752,0.2822228968143463,0.40895336866378784,0.08247716724872589,0.12131813168525696,0.7286964058876038,0.49824634194374084,0.741595447063446,835,10
tdmpc2,4,test,actions_shuffled,0.9578622579574585,0.9126302599906921,0.954008936882019,0.9763150811195374,0.9884949326515198,0.9834114909172058,1.420417070388794,0.43893951177597046,0.42075932025909424,0.7209310531616211,0.10243798792362213,0.1646706610918045,835,10
tdmpc2,4,test,nominal,0.24727964401245117,0.2565958499908447,0.24334146082401276,0.2428809255361557,0.2463003396987915,0.27903127670288086,0.40390974283218384,0.08193664997816086,0.12149050086736679,0.7267566323280334,0.500983715057373,0.7350513339042664,835,10
vjepa2_ac,0,test,actions_shuffled,0.7286569476127625,0.5530962944030762,0.7092028260231018,0.8088704347610474,0.843458354473114,0.7797043323516846,1.1405714750289917,0.36589664220809937,0.2855759263038635,0.7702172994613647,0.11717280745506287,0.21332335472106934,835,10
vjepa2_ac,0,test,nominal,0.24925526976585388,0.22320878505706787,0.23972755670547485,0.2586021423339844,0.2754825949668884,0.2484860122203827,0.35718297958374023,0.0739041119813919,0.11531958729028702,0.7766884565353394,0.38676217198371887,0.6451454162597656,835,10
vjepa2_ac,1,test,actions_shuffled,0.7330079674720764,0.5641051530838013,0.7135797142982483,0.8133423328399658,0.8410046696662903,0.8523668050765991,1.2608919143676758,0.38432174921035767,0.26301661133766174,0.7702845335006714,0.11824209243059158,0.20988023281097412,835,10
vjepa2_ac,1,test,nominal,0.22700807452201843,0.2111821323633194,0.2168283462524414,0.2320716381072998,0.24795019626617432,0.246076762676239,0.3532775044441223,0.07164192199707031,0.11555258929729462,0.7768319845199585,0.3746150732040405,0.6215568780899048,835,10
vjepa2_ac,2,test,actions_shuffled,0.7266496419906616,0.5629267692565918,0.7171120643615723,0.798345148563385,0.8282146453857422,0.8152309656143188,1.1971434354782104,0.386633962392807,0.28173863887786865,0.7692573666572571,0.11721556633710861,0.2101796418428421,835,10
vjepa2_ac,2,test,nominal,0.22185370326042175,0.20136453211307526,0.21169015765190125,0.22857409715652466,0.24578599631786346,0.25782790780067444,0.3734653890132904,0.08054818958044052,0.11154783517122269,0.7762661576271057,0.3879811763763428,0.6307100653648376,835,10
vjepa2_ac,3,test,actions_shuffled,0.7369470596313477,0.5702495574951172,0.7138234972953796,0.8152658343315125,0.848449170589447,0.8547725081443787,1.2612507343292236,0.40740448236465454,0.2719227373600006,0.7677706480026245,0.11847733706235886,0.20861847698688507,835,10
vjepa2_ac,3,test,nominal,0.2512969970703125,0.22890859842300415,0.2441742718219757,0.25914186239242554,0.272963285446167,0.25453487038612366,0.36269617080688477,0.07816288620233536,0.1261226087808609,0.7743583917617798,0.3856714963912964,0.6320145726203918,835,10
vjepa2_ac,4,test,actions_shuffled,0.7686242461204529,0.6008613109588623,0.7540108561515808,0.8444562554359436,0.87516850233078,0.8242852687835693,1.2086267471313477,0.4198995530605316,0.2854963541030884,0.7642875909805298,0.11300256848335266,0.20322927832603455,835,10
vjepa2_ac,4,test,nominal,0.2302616536617279,0.2167867124080658,0.22622162103652954,0.23463913798332214,0.24339911341667175,0.28035277128219604,0.4110196828842163,0.08205080777406693,0.10664674639701843,0.7721991539001465,0.3602438271045685,0.6110564470291138,835,10
