instance,oracle_headroom_area,fixed_area,relative_headroom,min_relative,passes
d4_s1001_000,9.588178526519185,48.67283963134295,0.1969923801270239,0.15,True
d4_s1001_001,3.08068348228135,79.42842688265988,0.038785653993027754,0.15,False
d4_s1001_002,11.470933957007947,21.651939732400194,0.5297878203421524,0.15,True
d4_s1001_003,19.107597784418925,41.64657417484726,0.4588035910036291,0.15,True
d4_s1001_004,31.25339895701446,128.695165791208,0.2428482745631583,0.15,True
d4_s1001_005,37.35611731269445,71.88481360331869,0.5196663306221585,0.15,True
d4_s1001_006,3.7030650165176326,19.624994600344678,0.18869126294957528,0.15,True
d4_s1001_007,5.798426989347298,31.197102930286036,0.18586427727935617,0.15,True
d4_s1001_008,6.6905562025760945,22.62850286620586,0.29566941490274146,0.15,True
d4_s1001_009,7.272943062321473,14.431144713226658,0.5039754785118025,0.15,True
d4_s1001_010,45.86155842433966,127.67596601995209,0.35920275251469663,0.15,True
d4_s1001_011,20.62451382348774,39.21282345045297,0.5259634988933574,0.15,True
d4_s1001_012,61.83086446273106,86.34162139785116,0.7161188713126238,0.15,True
d4_s1001_013,45.438784754154455,69.94487968856603,0.6496370421462371,0.15,True
d4_s1001_014,87.73829718539747,279.81048175237765,0.3135632969712791,0.15,True
d4_s1001_015,40.939551278483705,54.46550716691573,0.7516601498452921,0.15,True
d4_s1001_016,9.07243222146524,17.820273725573728,0.5091073437578834,0.15,True
d4_s1001_017,2.006170650746464,4.668180501434989,0.42975430151635546,0.15,True
d4_s1001_018,170.22310675380402,247.9617415662717,0.6864893982377084,0.15,True
d4_s1001_019,58.159027667891806,115.40004592194143,0.50397750887579,0.15,True
d4_s1001_020,106.21937171615855,188.24609933580194,0.5642580222960137,0.15,True
d4_s1001_021,64.17477452377338,96.26207523028388,0.6666672661092196,0.15,True
d4_s1001_022,101.18954152332282,333.32085829649253,0.30357998608450004,0.15,True
d4_s1001_023,8.478953087182145,16.318980457358318,0.5195761530162835,0.15,True
d4_s1001_024,5.4585725734976736,13.978966290607636,0.3904847082409268,0.15,True
d4_s1001_025,8.497556091439073,15.519661137146269,0.5475348988838548,0.15,True
d4_s1001_026,5.593327696090126,33.34372716579981,0.16774752469265414,0.15,True
d4_s1001_027,11.635370634644685,15.329239669727452,0.7590311643194211,0.15,True
d4_s1001_028,44.043572198229185,53.55590602523918,0.8223849705291675,0.15,True
d4_s1001_029,79.25838493297815,198.67909597360955,0.3989266437144751,0.15,True
d4_s1001_030,8.913766532925319,15.477029291464467,0.5759352369928791,0.15,True
d4_s1001_031,10.519670079480022,19.054174684514347,0.552092664922902,0.15,True
d4_s1001_032,10.642922423692418,14.083182276056375,0.7557185737620581,0.15,True
d4_s1001_033,12.540268469784804,72.25771681946446,0.17354919338396205,0.15,True
d4_s1001_034,12.3250180008392,20.842611505507378,0.5913375105409647,0.15,True
d4_s1001_035,10.776105611938586,43.41241561314689,0.2482263532157649,0.15,True
d4_s1001_036,14.211331220595124,24.02830309865375,0.5914413166109658,0.15,True
d4_s1001_037,103.74895158306231,144.93444037962092,0.7158336645956397,0.15,True
d4_s1001_038,20.217647142831268,46.13232623177548,0.4382533636230457,0.15,True
d4_s1001_039,15.924396097660814,27.48567816345024,0.5793706818133625,0.15,True
