checkpoint,prediction_mode,split,amp,windows,model_rmse,persistence_rmse,relative_improvement,passed
v1,base,train,True,5910,0.1496790493543251,0.21013848817407227,0.2877123526731782,True
v1,base,train,False,5910,0.1496756171606485,0.21013848817407227,0.28772868568150245,True
v1,base,validation,True,796,0.23246313496567872,0.18857847256011034,-0.23271300170055156,False
v1,base,validation,False,796,0.23252931343221625,0.18857847256011034,-0.23306393500507516,False
v1,full,train,True,5910,0.14286598276429122,0.21013848817407227,0.320134145792724,True
v1,full,train,False,5910,0.1428421680392842,0.21013848817407227,0.3202474745085339,True
v1,full,validation,True,796,0.22978837221449464,0.18857847256011034,-0.21852918360683204,False
v1,full,validation,False,796,0.22983233099167405,0.18857847256011034,-0.2187622896267432,False
v2,base,train,True,5910,0.15419220661975275,0.21013848817407227,0.26623529102377164,True
v2,base,train,False,5910,0.15415365798432143,0.21013848817407227,0.26641873497907115,True
v2,base,validation,True,796,0.2124711301360882,0.18857847256011034,-0.12669875437856223,False
v2,base,validation,False,796,0.2123948480566706,0.18857847256011034,-0.1262942433101354,False
v2,full,train,True,5910,0.15236614201573673,0.21013848817407227,0.2749251061065915,True
v2,full,train,False,5910,0.15232344600575054,0.21013848817407227,0.2751282864490275,True
v2,full,validation,True,796,0.21215292363705263,0.18857847256011034,-0.12501135870335256,False
v2,full,validation,False,796,0.21210013905759745,0.18857847256011034,-0.1247314509347797,False
