family,median_pulse_width,scoring_price_scale,adjoint_beats_uniform_two_adjacent_targets,adjoint_beats_residual_and_goal_local_two_adjacent_targets,residual_beats_uniform_two_adjacent_targets,goal_local_beats_uniform_two_adjacent_targets,candidate_regime_for_d4_1,ratio_adjoint_over_uniform_gap10%,ratio_adjoint_over_uniform_gap3%,ratio_adjoint_over_uniform_gap1%,ratio_residual_over_uniform_gap10%,ratio_residual_over_uniform_gap3%,ratio_residual_over_uniform_gap1%,ratio_adjoint_over_residual_gap10%,ratio_adjoint_over_residual_gap3%,ratio_adjoint_over_residual_gap1%
smooth,0.025051559976127576,1.0,False,False,False,False,False,2.630915867676222,2.50045021888615,2.289721144087754,2.553455892247734,2.4451560014740092,2.155660582981325,1.0303353489142522,1.022613778989483,1.0621900136620859
smooth,0.025051559976127576,0.25,False,False,False,False,False,1.3554641367282312,1.2940522541594546,1.1906632804390336,1.5437983724355893,1.4836090577514143,1.3099246170352756,0.8780059371288036,0.8722326460588913,0.9089555726754996
smooth,0.025051559976127576,0.0,False,True,False,False,False,0.9284178104110942,0.8906322234165491,0.8233190464264786,1.2072058114675026,1.1630726530360935,1.028001234821299,0.769063403764178,0.7657580298974755,0.8008930520103889
sharp,0.002505155997612758,1.0,False,False,False,False,False,1.275244126377662,0.934557595804498,0.9032310666564282,1.145143441787131,0.884853324242019,0.9021744996495039,1.113610819259021,1.056172328453483,1.0011711337522116
sharp,0.002505155997612758,0.25,True,True,True,True,True,0.5820066542783742,0.44152803302133375,0.4350592939841864,0.642197885615091,0.5056035356779987,0.5219208791072865,0.9062730776837324,0.8732692749651333,0.833573270202044
sharp,0.002505155997612758,0.0,True,True,True,True,True,0.349157709957078,0.27662454498229977,0.2786432001117352,0.4741331838321474,0.3789989013056087,0.39504139086727885,0.736412725080822,0.7298821817935601,0.7053519113528798
sharper,0.0002505155997612758,1.0,True,False,True,True,False,0.7178227094309231,0.5763052945478913,0.4289921704271929,0.6882343980851267,0.4293087682704896,0.3038860785303017,1.0429916194658677,1.3424028045585723,1.4116874734833116
sharper,0.0002505155997612758,0.25,True,False,True,True,False,0.2936281891744108,0.23551466008895228,0.17906734479265032,0.3410312122219273,0.20964497888724448,0.15050026220503784,0.8610009249925523,1.1233975711654012,1.1898141715440556
sharper,0.0002505155997612758,0.0,True,False,True,True,False,0.1508736542055739,0.1200151678205995,0.09461464748307684,0.22400837018695233,0.13559368324068177,0.0987918128049209,0.6735179318507526,0.8851088410038239,0.957717494970028
