cell,hidden,tuning_geometric_mean_compute,val_rmse_log10,epochs_run,training_flops,n_train
base,8,502.40436513933093,0.4742210582966402,53,12819688230,160087
base,16,536.5178225256858,0.468441820857201,53,32669528070,160087
base,32,798.4784875704665,0.47417506202159265,28,49418610696,160087
m4,8,1544.7901266132144,0.4377806691216801,30,7299170100,161619
m4,16,2651.8874176402765,0.4285786664785795,25,15500925750,161619
m4,32,5623.5793270444765,0.43606018034602834,25,44383663350,161619
m64,8,520.1141463615426,0.4037964832928477,81,19629642060,160582
m64,16,485.806427726266,0.39858978221061514,72,44465712480,160582
m64,32,529.2966323320736,0.41983666291756855,45,79573925340,160582
wide,8,226.78433875176287,0.4909102898466556,49,11870392590,160487
wide,16,236.86917598860705,0.48629991653111154,30,18520625700,160487
wide,32,275.86557214812365,0.4950140708980441,34,60100602588,160487
amp1,8,367.77950038169615,0.5950209109562888,41,9924056970,160269
amp1,16,389.67897140066844,0.6001249321749328,35,21589313550,160269
amp1,32,501.8018432271488,0.6015496420722397,27,47687006718,160269
depth7,8,513.8844616742099,0.5818236360755037,49,8570190405,115546
depth7,16,598.2320056716568,0.5992020447776387,66,29417361930,115546
depth7,32,682.8547991587608,0.6058077832213318,36,45943893684,115546
depth11,8,558.6127330947968,0.40490678334519176,67,16198107600,159960
depth11,16,643.1757864421949,0.4147352426951062,45,27724734000,159960
depth11,32,753.3430563083197,0.42348864178810075,42,74091719520,159960
