cell,arm,theta_0.5,theta_0.7,theta_0.85,theta_0.95,theta_0.98,theta_0.995,selected,selected_at_grid_edge
base,residual,1438.8476987330585,1005.5501925995446,862.600321438123,936.9758515792234,1101.2512676873434,1228.033203979915,0.85,False
base,goal_local,1853.0548610978678,1364.0275605728875,1142.5596344041903,1188.3951173081919,1293.4850974099177,1335.5094034073768,0.85,False
base,adjoint,1954.819645445653,1457.4362864992925,1334.3915705418565,1313.099995578832,1294.5948564840794,1529.0815640244575,0.98,False
base,indicator,16384.00000000005,16384.00000000005,16384.00000000005,16384.00000000005,16384.00000000005,16384.00000000005,0.5,True
base,cheap,585.1425631341918,448.81588886714303,435.92703923674645,536.6416446528305,626.3699696337363,691.6479586502154,0.85,False
base,cheap_adjoint,626.9551863588131,471.0283963554534,425.8637976375407,418.83645984169755,480.3100946368484,566.6431564713344,0.95,False
base,amortised,690.8901789725205,504.6469515278343,442.49826595713523,502.40436513933093,592.8291461462384,683.7871131113238,0.85,False
m4,residual,1489.2073918073324,1087.0277721561677,1036.055824833574,1009.8114764319453,1178.2252225119473,1410.007155267477,0.95,False
m4,goal_local,1640.7606086193184,1244.4228700002227,1079.4703389448862,1032.7892061637842,1068.5770674653245,1224.9604980583688,0.95,False
m4,adjoint,1637.86588487325,1212.561876308323,1073.6739685939503,1016.0790085670278,1109.059855035695,1345.0134699141825,0.95,False
m4,indicator,10042.538782523468,9649.284433956009,9382.591991982223,9375.372938453445,9203.333453742547,9221.5754374091,0.98,False
m4,cheap,976.424207620605,791.2833785853711,730.986953094305,752.2745822939133,904.0863415606977,1124.69348615247,0.85,False
m4,cheap_adjoint,1066.0092825398551,830.0501250555734,679.6950850538133,592.8693798323214,633.073855198065,777.9691680395167,0.95,False
m4,amortised,2243.9849358699194,1711.1924449152996,1394.1001236911407,1544.7901266132144,1895.7555317855647,2481.957006304543,0.85,False
m64,residual,1681.7167075526738,1148.2241150537934,939.1868031468457,932.0432594731612,1032.5444021927453,1066.8296656322948,0.95,False
m64,goal_local,2398.3923247132802,1620.6040489693985,1232.642008808113,1099.9379021790808,1103.4898842283535,1099.0406978950414,0.995,True
m64,adjoint,2284.1710026144447,1499.466889979507,1240.8036673428778,1132.2449761061844,1162.0993609450363,1263.3600765150986,0.95,False
m64,indicator,16384.00000000005,16384.00000000005,16384.00000000005,16384.00000000005,16384.00000000005,16384.00000000005,0.5,True
m64,cheap,652.2402620961293,491.7855036731562,457.45498458742196,516.3832853841301,540.8738570897158,563.7148453696885,0.85,False
m64,cheap_adjoint,660.4355978272844,500.84487306862025,429.33272318313436,402.69834933431224,448.12398893393237,504.6608436038391,0.95,False
m64,amortised,678.6080256950742,509.9506736357158,450.27745956192973,485.806427726266,566.9508070594793,595.5896656429832,0.85,False
wide,residual,972.3904440933859,628.8074074196228,463.6455186232124,379.77080756422436,338.6216797916342,325.34105959959396,0.995,True
wide,goal_local,1186.5149625809834,770.9650567794413,581.3711947807814,470.4139674706969,414.1139764725258,362.59651744403834,0.995,True
wide,adjoint,1137.3626899205358,736.6700408226282,548.8983228875765,453.94806916335574,418.9109183858758,416.69887613028857,0.995,True
wide,indicator,11787.086259873346,11104.233862915393,10719.44425740651,10418.562552121173,10416.77785501939,10022.64320481663,0.995,True
wide,cheap,423.1152114001769,293.44706879137277,231.58775141231666,200.55726991841894,187.70823686282944,183.25482130756,0.995,True
wide,cheap_adjoint,401.7992804277274,287.64775468832,229.28777208213722,199.81921015210625,187.30671165959805,180.31755777400173,0.995,True
wide,amortised,513.821261484072,351.01793977504036,271.67216967058846,226.78433875176287,212.71009504035274,203.26048863249574,0.995,True
amp1,residual,1271.5373664106937,862.7337671545629,683.2504749497467,604.3103053229961,586.5828276036847,574.1808104234927,0.995,True
amp1,goal_local,1637.1527908993376,1107.7574867409658,832.3506163015492,750.9387405740252,712.3196514231778,646.5921289147054,0.995,True
amp1,adjoint,1564.5945990935302,1095.7544746233552,892.3250785326236,799.4532014145349,764.3222022536255,706.0110248086687,0.995,True
amp1,indicator,16384.00000000005,16384.00000000005,16384.00000000005,16384.00000000005,16384.00000000005,16384.00000000005,0.5,True
amp1,cheap,547.9660240562682,409.0300966623352,352.39974441172643,331.2542388972431,328.0089757404156,322.96873196154723,0.995,True
amp1,cheap_adjoint,549.8972983133169,404.7357447279501,347.3013503730922,318.9109072966401,321.6007602830601,326.5644197558804,0.95,False
amp1,amortised,671.7057764813977,475.0550889694629,390.15817655896507,367.77950038169615,370.110728858536,352.99910305853786,0.995,True
depth7,residual,1413.440059840968,985.4119475366738,846.268229809847,917.5540155089263,1077.1294238464718,1198.744697008552,0.85,False
depth7,goal_local,1831.3078550751968,1353.4652342764573,1120.4807332805847,1164.5098569648717,1318.3019112717102,1305.8704978163612,0.85,False
depth7,adjoint,1907.0527276921773,1433.0757133304808,1293.7464119856586,1296.8583210320103,1302.1840480230367,1511.850288293363,0.85,False
depth7,indicator,4095.9999999999895,4095.9999999999895,4095.9999999999895,4095.9999999999895,4095.9999999999895,4095.9999999999895,0.5,True
depth7,cheap,573.5005169595426,439.69279015049267,427.70931675409986,525.9572282094407,612.8991523227585,675.2698473502148,0.85,False
depth7,cheap_adjoint,615.9748022760464,462.4240462628259,417.8051302247028,411.34832654924014,471.569649031477,555.0740425253008,0.95,False
depth7,amortised,646.6496109579035,477.5799825172223,435.470940072838,513.8844616742099,603.0489726155263,695.1779996228406,0.85,False
depth11,residual,1441.055647092818,1006.8798366876237,863.6926308078032,938.2730263766491,1102.8604897709665,1229.990996930274,0.85,False
depth11,goal_local,1855.7605197566397,1365.7196635077285,1144.030368459545,1189.9893027537018,1295.29474557124,1337.5900587523674,0.85,False
depth11,adjoint,1957.3235343799838,1459.2624349062312,1335.9143494535954,1314.5312159705563,1296.1876160961608,1531.1834533335814,0.98,False
depth11,indicator,65535.99999999963,65535.99999999963,65535.99999999963,65535.99999999963,65535.99999999963,65535.99999999963,0.5,True
depth11,cheap,585.9222003491682,449.4297601506987,436.4772294522237,537.3545480668438,627.2671504885375,692.7419959384839,0.85,False
depth11,cheap_adjoint,627.8468560666324,471.6771005041518,426.43950626733505,419.3347721007817,480.89528354034627,567.4159338758583,0.95,False
depth11,amortised,709.9178862632441,538.3933603324552,496.7044844865445,558.6127330947968,657.0159731721985,751.3391295865758,0.85,False
