episode_id,model_sse_h1,model_sse_h2,model_sse_h3,model_sse_h4,persistence_sse_h1,persistence_sse_h2,persistence_sse_h3,persistence_sse_h4,windows,fold,regime,kind,mode
0d15c03ff91687d6e4160c76,2.4288615380055867,2.803724550225532,3.589785291952333,4.304314360089896,0.5901987928753978,1.9555994998150603,3.293811435594145,5.142919809884805,45,0,v2,best,base
15ac0c27cfb7bd123cba253c,0.8969521071987203,0.9151921825585695,1.036307797224545,1.1633966973825727,0.5132984192192058,1.340197827141974,2.4074359988990635,3.672028131523067,48,0,v2,best,base
18be04203c9741a45c03846c,3.542784960341849,4.701054093341302,6.480431639565911,8.401806890021533,2.625666897394998,7.950268782682485,15.110471787578316,23.356962822831296,145,0,v2,best,base
1f3694a0903ca7aa11b6d537,112.32399212941895,126.02961170938724,140.6898662774901,152.6359878457683,1.145105967815278,7.491828514794145,9.940873991847704,17.045332900797145,71,0,v2,best,base
27a9f0ccf4449520d7945ddb,1.8199395027245324,1.9442414882181285,1.9286858330444405,2.080031876028627,1.788884393841493,3.149928423952244,5.400387210758394,7.1275946263787215,85,0,v2,best,base
297cdf3f22a5ce3c69d592dc,0.18828337390420904,0.2601995940781907,0.2434280129484153,0.40938122678137007,0.12270157613815778,1.1067038876888984,1.6168345892920055,2.9016175357988456,23,0,v2,best,base
3181ce705c6dc5bf85e5c726,9.418379371251739,10.43984086955149,11.728670906293726,13.30241358485423,0.8781393706864216,2.4052993762728376,5.130449255155231,8.18442777079403,61,0,v2,best,base
604318a82bdce83568498e50,12.62987519223117,13.248153825484927,13.216060678278666,14.79932429237726,0.3216166691031344,2.224397389068044,3.6492192832182964,6.433073965646696,51,0,v2,best,base
6376b9b233e3f46c99d1b25a,6.6309680164043225,7.85654704666791,9.775134405364266,11.728771394283559,4.805703855801797,10.788831607940605,18.980152358943833,28.249953327537142,203,0,v2,best,base
8b911a92a60c4b75453b96ba,0.42072382483899984,0.4993601620490674,0.649986843714304,0.7737693657655307,0.7880858879329304,1.1637431962451306,2.391283886285051,3.1715492322701104,38,0,v2,best,base
8d090ad17dfd15c68596e923,0.27008344946893137,0.3266614638828329,0.3399570484881779,0.3387904745981663,0.1472686711966943,0.5995682202002806,1.277763203104501,2.216192308291568,46,0,v2,best,base
9c3383854c3a4e4a033a83c6,0.4476988613317852,0.7943126062299688,0.7039538537359605,1.0685537788512192,0.8265226172395292,1.606898123097763,2.8964866035091434,3.917793356906092,27,0,v2,best,base
a684da0a8321178250720483,9.505042842838893,10.330075788603104,11.975843236148336,14.044448565327357,1.08441279182578,2.9153319393409975,5.307689841651879,8.149965662598913,134,0,v2,best,base
aa1b515c110a46d2a37ed31c,0.7305607381046081,0.9336333996402486,1.1543473862530222,1.3720779326423154,0.13509091882012117,0.5101675587462757,1.0638438770525578,1.7660075124800583,30,0,v2,best,base
b18a1ec1c1a78939f5d7dc6a,14.08631668425547,14.509263746431042,15.424772889501728,16.97282480080607,2.562698428498762,5.075701497074045,9.329710233711886,11.708465008077878,201,0,v2,best,base
c4ce4991e2c780ee248798c5,11.124410928222149,12.76316840290967,15.43641495209311,18.720919286743133,4.722481642106586,13.111366884113414,26.085369942476724,41.868115352484374,261,0,v2,best,base
cafda7b2c405a7356ad23317,5.988931766543197,7.486706512872522,9.250105103389917,11.328567505053465,0.2642611524662236,1.3145448976171017,2.4086613003449653,4.053338160255149,68,0,v2,best,base
e0215028944a4ec75f444e19,2.88681603281016,3.345468209353611,3.963099218982794,4.693719930057378,0.5705696662505486,1.2627183344283428,2.677766387247188,4.06308227645936,66,0,v2,best,base
f16d833d3f91c8caa433428b,0.22350789281601965,0.22000397433402172,0.22757487746806582,0.24430645064369713,0.1226034794222483,0.4866401183569525,1.065377148314948,1.8312109832082395,26,0,v2,best,base
f95c92978b570a98e434271a,0.4723066681046954,0.7732356375933167,0.6159855474078295,0.8713600484994384,1.120614779824352,2.132583392088392,2.950424233099629,4.191456619016157,30,0,v2,best,base
06755e10f47dc8eed37b1719,6.871533894831491,6.852501008291158,7.2116053732563765,7.724768691875249,0.8534146843475695,2.06945178086004,3.6115453818150063,5.422630486468502,79,1,v2,best,base
0e9e8498a81833aa0e801cfd,6.2976660286148896,7.078509045625305,8.142926384205703,9.307791615926684,1.8288098405171391,5.934588655657396,10.713688030396002,17.171441576248448,138,1,v2,best,base
19de99e892f7b81c995afcee,1.1483619888721883,0.7966906418080946,0.988450257730987,0.7995247467827175,0.5729104652067145,1.8713700294653672,3.218355960116969,4.4397092545041446,44,1,v2,best,base
1cbbc7776394571133e0e0c2,3.7219323742728534,4.469522131605149,5.094284505235643,6.077066888585409,0.8793916073957324,2.5089664772589306,4.153356132753297,6.382050341572667,42,1,v2,best,base
22b4a078d92af984c9fee622,0.4307988436653343,0.3872571507527735,0.493018200148157,0.4341125871249964,0.7620023371997664,1.4292986924250948,2.5515559045088154,3.480566156949708,20,1,v2,best,base
251c4aed6f2f22e2cd4e7950,9.44538339796249,10.4091237233673,12.098546401596115,13.603648020099651,1.6338564693826294,3.581390276445003,6.386620793429895,8.567359576501442,144,1,v2,best,base
54cf16f5546c465081595c8a,3.8513010137818036,4.536451768322133,5.436446850788523,6.466189236901253,0.4595040092671907,2.351325220139939,4.240227956455328,7.2248478579778155,75,1,v2,best,base
62086441a395f4ee3ac106d5,0.5272006010444671,0.6044311465751279,0.616822087206982,0.7643269608768459,1.5664645013527851,2.4200064831272496,5.00334187450005,6.718278931210977,47,1,v2,best,base
82b738752b07c786c4894425,2.5808644067471436,3.07429394494879,3.3701060194121246,3.966471954745998,1.2430912495531345,2.980789642222611,5.0811291047076566,6.784592820123854,85,1,v2,best,base
859d79d160a0c2d4e8dc6601,2.6136978623217844,2.8592054192769645,3.2744463914421926,3.7171458894975,0.04549219558432997,0.17374765228003397,0.37045459473070297,0.616727829985839,57,1,v2,best,base
9ab5a133445172da22cdf234,4.260663149778681,4.394186340331752,5.246648561341144,5.28901303658625,4.179785261358068,6.9822570969976425,12.00564034038929,16.478348134164975,139,1,v2,best,base
b673b62aef2e393a9a57da0e,0.27114144426522474,0.4346545111720417,0.3124862403408262,0.5120343293788833,0.5186289289710574,1.6885286522016754,2.8664308059316483,4.582004554437574,38,1,v2,best,base
c46e2177e3eacda2490c068c,3.1136244686252232,3.784231837959375,4.745378539162459,5.537399707058155,3.293780233230187,9.416470394888847,16.522606757907432,25.312760604750846,105,1,v2,best,base
ca4dac8cfc5968789e4daed3,0.17747888039789947,0.23451667664363718,0.3041385827352107,0.3718327204221016,0.07766378076936002,0.3057765654926236,0.6635654531359918,1.1572316980086952,16,1,v2,best,base
d08246fe29a5350bad6fe070,0.4104874816473571,0.46596734475124324,0.45922216712134967,0.6107103765020138,0.5646991133179804,1.5866103313715065,2.9515179016286117,4.5842221995953025,48,1,v2,best,base
d487644f50415a00aa395687,3.8215772726498414,4.86792629950471,5.113842806524949,5.813605723791383,2.4177760302132714,5.705220595354319,9.761619960620365,14.376080420985474,280,1,v2,best,base
d5ce1d32b4865d2191b015f1,4.464762481152785,4.827785760919641,5.857572975501282,6.9755210619214445,0.43852620242787804,2.028567667790693,4.3586941287810435,7.174311954420956,66,1,v2,best,base
e112ee6ab051b580ca051db0,5.421749391931123,6.452398375046596,7.664433209595903,8.991067760504686,0.5529824981280755,1.2254366068662172,2.5840946886180767,3.9434056077903312,26,1,v2,best,base
e515d6ddae9d300034e5a4c9,0.31078357350024854,0.49553313527103177,0.7561722183816406,1.0754490652926738,0.20519880034118954,0.7928510969645441,1.730231033749028,2.8979184075692555,40,1,v2,best,base
f7a033fe121407c2e431a3fb,0.631001723380622,0.6564063038088979,0.7127902349380097,0.7602081873776944,0.3791779961593564,0.8664628823331801,1.4393614449220473,2.0712331194714397,76,1,v2,best,base
15264321f49364d0e409d25a,0.318312397307759,0.4220000905883594,0.45737183356151334,0.5931338942916402,0.5377771898187154,2.0982318717008095,3.311484002130823,5.35822604890554,37,2,v2,best,base
2622b0d26b835ae6d2f9a6fb,1.7543263780226321,1.872059643338905,2.1183696200063458,2.800017441414102,0.7189649448949741,1.9165574307599451,4.109391079482068,6.589934957912501,17,2,v2,best,base
30bf7f5ece6b66f593a62355,1.4100793115653112,1.3844181834588858,1.810217916347909,1.6126149358678157,1.0874878506250274,2.0846227033925815,3.5873461114565908,4.925522868342938,92,2,v2,best,base
5aa446cc0d519b3d1ff5dd59,1.2371420651209064,1.395258615990257,1.715450549918771,1.9631413405117197,0.6371426055729775,1.8211711230833119,3.4512022075819893,5.393425754175976,69,2,v2,best,base
647300a9e7b5197e7d576b88,0.5519673265707482,0.8793682755963681,0.6930162372058507,1.0641763873193308,0.8013399099925556,2.5233231370229845,3.8656630406879615,6.353599415499931,27,2,v2,best,base
67133ff435a17a5ec17cf840,8.04570687152412,9.479789108978686,12.28074287213675,14.495998934031075,7.802065905266056,19.511803455940623,34.99411706406548,52.124771827761855,402,2,v2,best,base
74543bbafa57085358ce660c,0.39097927453581555,0.4002605531604766,0.480546091377484,0.5363635171614883,0.11298249152604112,1.046275907111541,1.51452139298876,2.7167483411761353,47,2,v2,best,base
803097051326d15b37d1f0b5,0.22945673143510223,0.21476474164032872,0.24684429294653173,0.27643400580408317,0.15286993931694484,0.9047350132288359,1.5863867158670388,2.7935084188371575,51,2,v2,best,base
83077d8cda843b1f8999b8ac,0.3022513308069593,0.32164237637487514,0.3735633166301027,0.44455262737747436,0.20163457716763952,1.0849303075128418,1.9680102733487257,3.4164744891512724,41,2,v2,best,base
8328cbb9a38d105805a841ae,0.2089560166363953,0.19294503567713508,0.22658909958014162,0.23282521257461894,0.42131156400284453,0.7318073198721934,1.4746774657327109,2.0237781142032523,18,2,v2,best,base
9e8600ee502cf8d652da2190,1.6332468123256867,2.1237792847909747,2.652419114550566,3.418226557658023,0.8937622551010421,1.6276453024407511,3.3655305486093052,4.776732524387926,94,2,v2,best,base
a0c18740edcec6332b64efdb,2.994616123365722,2.8585033474598536,3.3363407777969747,3.7232825752037426,0.7832568062743415,2.733509277580453,5.077358350416796,8.312300605919843,146,2,v2,best,base
b2c3f126ac3f52bd93b9e24d,0.32139666809558176,0.38346388544541554,0.43669568138737075,0.4978285139134607,0.5084977946634864,1.0355641248698884,2.1818527182626384,3.2252595807773505,20,2,v2,best,base
c4ac2bcd854590b8597d2451,1.0888759709602989,1.4097391628944567,1.4891335268552632,1.6993030256589685,0.4851093069194385,2.2073056060527976,3.1989176924384686,5.299002659519693,52,2,v2,best,base
c8dbc9db24ccf188b1047836,0.1089668830483514,0.11515642594692992,0.1258439919260903,0.1394373441106395,0.09130719531504973,0.33407500143967694,0.676049598365413,1.0841747267753796,20,2,v2,best,base
ca98723ea341f53a85c13939,4.784121821223589,4.404643729922561,5.213283950360084,6.625289991627614,0.29086952910434194,1.0799814701349328,2.194837290557183,3.5501480586687517,93,2,v2,best,base
d500c1b5bce271717c00099b,0.823706353612316,0.886607350997396,0.924192278977667,1.0615324899009875,0.4978641233198223,1.2565435343531617,2.2044893255809535,3.192469488747089,84,2,v2,best,base
dad499d5efb83338dfca60ba,1.079819176759231,0.9334986898874632,1.2984103438763033,1.1377599141734511,1.0604296210146862,1.3147431497443682,2.6484548176447493,3.1319393851212034,92,2,v2,best,base
e423c7d529287238e81079f0,0.517559075281677,0.7096065062101663,0.6897658963477085,0.7848159737644879,5.606508059716481e-05,5.60914812757299e-05,0.00011235571394359599,0.00011235571394359599,7,2,v2,best,base
ff626c988eb779cf4dc8622c,0.2601208603094703,0.3798342073905699,0.4789558467451717,0.5401193309291358,0.15756871565053743,0.6230838991973656,1.34138902040603,2.2401433693668937,39,2,v2,best,base
01d2b0bb70c756910f6fee6b,0.6903800205658848,0.6667214813747064,0.6810299320223792,0.7433760261640341,0.0927851674740863,0.3589442643143076,0.7321299789965972,1.2242940608770494,48,3,v2,best,base
2c3b38ff6f807a91e3cdd8a6,1.0771208897668496,1.3920713388782986,1.4553997470906261,1.59587272922611,0.10842481590311596,0.42307590245916815,0.8823499735620193,1.4878920674988088,34,3,v2,best,base
31ed08fae62e9a59ac4fbef2,1.2308831332466283,0.7044346974201219,1.357753515827071,0.9466614960254167,0.8442486676089902,1.73862239440709,3.2974988272685635,4.808862865988199,34,3,v2,best,base
416653a55c8f38eadcdad8ef,0.30963917553950876,0.30785126421259773,0.3484918954078832,0.37411980882355655,0.07816363117654303,0.3058598784079537,0.6889467414729332,1.1889548717293368,86,3,v2,best,base
4270cf35bec82cd80b00a353,27.0050346649147,31.014997813593798,35.30419317542113,39.81075379425693,0.42406400934705946,1.840723696785338,3.9072047998537496,6.424024616153078,53,3,v2,best,base
519bb4fc6c5afbbeabc02746,1.019743376288187,1.2111269910830114,1.258591973698325,1.4024458108582916,0.5111208359995935,1.0303965586546184,2.147634241656254,3.1068023621268903,44,3,v2,best,base
5cdaec7458bf61138cfd0ba2,0.4775037064391062,0.4140477372044181,0.476637771960528,0.52851305966153,0.30853510555753216,1.1520178337165752,2.36462937479594,3.7601634689731607,46,3,v2,best,base
78a7ee098a87947602e5aeea,0.7352134692044925,0.7186972984962808,0.5666772318460842,0.6302831853878587,0.4806890291574594,0.9406973670812832,1.948055183686777,2.830698109795415,36,3,v2,best,base
7919203741a99f9f867dca66,12.384491511337728,14.786751011026244,18.332583816943917,22.380987285520384,2.3194262462112234,7.438838788558945,14.088960045475181,22.464052231090836,332,3,v2,best,base
8f980b6456b392be5483af6a,1.2448221646629556,1.7591230255682784,1.401408588178691,1.9976684573678123,0.7650232289115296,2.083421810193465,3.2864532830021034,4.976728138344207,84,3,v2,best,base
a56a50feb861136806a443c8,9.306678803437377,9.725930668348969,11.033695406249441,12.592940697758545,1.0827696830928768,3.0970295683672244,5.837518343730347,9.084720220370787,123,3,v2,best,base
afd3d75d64731a4a2971d0a2,0.9842949460805811,1.0636121527105176,1.138029638501331,1.2370207761904357,0.5326614104574302,1.450843641939922,2.7355769742802365,4.287911948726057,54,3,v2,best,base
b3ea770ff7186b0683a0a797,0.348312725584085,0.2672282193071496,0.367197136554107,0.34193622734431967,0.12037768293444516,1.0532061460880735,1.5538202111610675,2.7661789660472333,31,3,v2,best,base
bbed182eaae70a20eea68990,1.8131019481627453,1.9273815653221127,2.0733768167545987,2.215768753113762,0.25109826520201295,0.9500859309440998,2.053598348876942,3.404240925203551,52,3,v2,best,base
bcf035a124c9342210d36adb,1.1513014214852222,1.4614851563124083,1.387325008111028,1.659151085573091,1.1573452016575614,2.382069283861583,3.5928211265721743,5.405834784752311,92,3,v2,best,base
d9fa36aa7d2d425c4e774763,1.4165486945303545,1.4538759340362017,1.8098470409260274,1.7158206467837283,0.7648921808160403,1.1342275211200472,1.9934693246395518,2.686829127243824,32,3,v2,best,base
de2c6c96d6cda1d2abc2c9f2,0.47488681322947834,0.34811060566708696,0.5360946621077078,0.4900810395742211,0.40348738755645824,0.9538964071037648,1.635369826459148,2.386217992715867,65,3,v2,best,base
e18f355b53e707053ace4031,0.7835339874727453,1.3646914934432328,1.5399501199562367,2.0767660180233465,1.5481996660054589,2.055633818729494,4.654074020029577,6.030837906885751,25,3,v2,best,base
feb2503bff968376ea29adef,2.7108934678811716,3.004639152330281,3.2516999086497314,3.78855268300385,1.706141126882876,5.094787837488964,7.395333364586591,11.055912331555685,160,3,v2,best,base
1923e1bf3fc5c00a85a60ab3,0.4222023868912406,0.36257860453706847,0.3936779619237859,0.45209791824632123,0.397660542213908,1.4303208629564188,2.979288398135501,4.865540155543377,104,4,v2,best,base
1e74fdb8aadc76905d6568db,0.2207412166276834,0.12063399416977179,0.1772388944298798,0.19129317592149006,0.059196342077745136,0.8662113697581327,1.1250727484893432,2.0857735338123082,17,4,v2,best,base
208d695526edfa0e1786c8b7,1.097230152791427,1.0404958679454763,1.395382314198142,1.2206988857696437,0.43925038426518115,1.3960066890314349,2.207593941298582,3.4617332676125656,47,4,v2,best,base
32c0e5181af52a6e1e69eead,2.68082118539086,2.5772179613691284,2.906416240228436,3.1300904604332507,1.0481137271436862,2.127455951898581,4.4281365860046495,6.408417077108009,79,4,v2,best,base
37565d359b277fad78dedfc1,8.487064405670885,8.406446013450447,10.31782697755155,11.406494205007856,2.199428808235006,4.809112098595728,9.192284917174513,13.166631734556143,95,4,v2,best,base
43b3bed3cf3786a0441bb030,19.52005629372499,20.61211988648121,23.83696610830471,27.801062216463468,0.4161220326948165,1.5709607862645596,3.2902902477473175,5.305330949284734,48,4,v2,best,base
70a85d0ee62de8cb910dff34,0.617524846227926,0.4871385670043313,0.6495846300150208,0.6790811961415407,0.121799943470188,0.7881653926562228,1.3341561465924374,1.998329508591617,27,4,v2,best,base
712e212ed71e1d58c2469d27,6.238348959447687,7.380528650117858,9.500022508663644,11.770602487645991,4.6094289866800615,14.543429535423083,25.84134044492594,38.928060681771605,275,4,v2,best,base
98687d66d5e3ec415bc7769e,2.332419272407284,2.841038755194303,3.2516513708591095,3.700321638657532,1.4470320840941757,1.8812636623727768,3.1998686650117674,4.0713121149302935,96,4,v2,best,base
9a8bcc1c9caf8e173e52d899,0.22039405094558037,0.2566905120559786,0.30795101663750246,0.3245154754878097,0.3733986828670482,0.5035713666572045,1.0225021020293519,1.2774137663412284,18,4,v2,best,base
b754e040a63becc56b04d5ae,0.5437168971205817,0.7168905904913256,0.8342909358027326,0.9964995556591876,0.44334775459807807,0.8047351116590239,1.9927290651842118,2.7352269791432438,49,4,v2,best,base
bb4473a9757ca16a9f02ce13,16.193137475612502,18.086957014194944,20.323335528627528,22.838598816593525,1.0143916955052277,2.7054931529670867,4.991582275731435,7.761191064338105,166,4,v2,best,base
d12771172f616e82494d2e01,1.0438776476577836,1.2493873503746953,1.137725181207107,1.2687764263018222,0.815413089957891,1.9399073788421153,3.322941171669802,4.94509883834707,71,4,v2,best,base
dc5e80c36850c234e8fb9522,1.3076123839414877,2.0014294210110615,2.4073418060958653,3.4533489403558257,0.6616705594775599,2.517244216611513,4.207700961575446,6.796169458419175,38,4,v2,best,base
e7ad0f6d986db7e46d5793dc,2.127456960385806,2.19803307041815,3.024606759734113,2.936620878343605,1.2963929818434474,3.5047595528173905,5.784693248231328,8.03738585493282,78,4,v2,best,base
e93c606e41c81542f2771f32,1.6220450706798362,1.5854670484030322,2.0303260823952325,2.0462978071047737,0.7719608604645483,1.737112310896361,2.8701716767570526,4.134289483297672,45,4,v2,best,base
e9ff40ea77c973f5568e80a7,0.7655565083277918,1.247399296487778,1.0258352299074935,1.508177675714454,0.7640827461391706,1.41453551922102,2.6063418382542918,2.9954281616755862,48,4,v2,best,base
ea5cba16c2b375249fb0cdb1,0.4698532104963444,0.35206227675095864,0.5334218917817006,0.4676688621901867,0.44168948741008773,1.1198469178509762,1.9551060671077276,2.885456575223488,35,4,v2,best,base
f00cb7a36cfe26683f4940cd,0.6023510557457336,0.7562942180874057,0.7346165138455025,0.9029871746328141,0.5298770156924526,1.1329700010197366,2.359369448439011,3.495245870879151,42,4,v2,best,base
f091da94d826fc41dfd96523,0.5860975982947867,0.6867147877292867,0.7780238826852045,0.8197174890466453,0.453582021736586,1.147718169889263,2.005487348174057,3.038571417007496,60,4,v2,best,base
0d15c03ff91687d6e4160c76,2.4010244944426655,2.8347223705626607,3.6205271646537542,4.240358807790042,0.5901987928753978,1.9555994998150603,3.293811435594145,5.142919809884805,45,0,v2,best,full
15ac0c27cfb7bd123cba253c,0.8540139343594348,0.9253889862958393,1.0634149630764753,1.1909122727814334,0.5132984192192058,1.340197827141974,2.4074359988990635,3.672028131523067,48,0,v2,best,full
18be04203c9741a45c03846c,3.505270321859415,4.651307678629076,6.457454439407387,8.430310386621361,2.625666897394998,7.950268782682485,15.110471787578316,23.356962822831296,145,0,v2,best,full
1f3694a0903ca7aa11b6d537,111.87407205049817,123.89099371291682,136.66398141413742,147.12641244184226,1.145105967815278,7.491828514794145,9.940873991847704,17.045332900797145,71,0,v2,best,full
27a9f0ccf4449520d7945ddb,1.8627742441524517,1.9562820433174453,1.928779249325981,2.0530729734901967,1.788884393841493,3.149928423952244,5.400387210758394,7.1275946263787215,85,0,v2,best,full
297cdf3f22a5ce3c69d592dc,0.18977233445705516,0.2582239049418906,0.24211076778744584,0.4158665991232468,0.12270157613815778,1.1067038876888984,1.6168345892920055,2.9016175357988456,23,0,v2,best,full
3181ce705c6dc5bf85e5c726,9.430610483044275,10.419117023851447,11.668778518742979,13.181313054128108,0.8781393706864216,2.4052993762728376,5.130449255155231,8.18442777079403,61,0,v2,best,full
604318a82bdce83568498e50,12.425403166448751,13.094360981519621,13.026837761244735,14.533920176022775,0.3216166691031344,2.224397389068044,3.6492192832182964,6.433073965646696,51,0,v2,best,full
6376b9b233e3f46c99d1b25a,6.716198216845865,7.821378681127143,9.71341691677808,11.652383713690526,4.805703855801797,10.788831607940605,18.980152358943833,28.249953327537142,203,0,v2,best,full
8b911a92a60c4b75453b96ba,0.42088707090066346,0.4993184482810016,0.6535691570401279,0.7741199772033183,0.7880858879329304,1.1637431962451306,2.391283886285051,3.1715492322701104,38,0,v2,best,full
8d090ad17dfd15c68596e923,0.2913727938434706,0.33934751286598663,0.35764947380916884,0.35826095836508776,0.1472686711966943,0.5995682202002806,1.277763203104501,2.216192308291568,46,0,v2,best,full
9c3383854c3a4e4a033a83c6,0.4515545744789437,0.7845976283276654,0.6942298168663991,1.058849931881767,0.8265226172395292,1.606898123097763,2.8964866035091434,3.917793356906092,27,0,v2,best,full
a684da0a8321178250720483,9.371297138874127,10.010129678498224,11.415039007474576,13.258704474609655,1.08441279182578,2.9153319393409975,5.307689841651879,8.149965662598913,134,0,v2,best,full
aa1b515c110a46d2a37ed31c,0.7732049513115127,0.9555009119393303,1.1517512298151402,1.3422620215126655,0.13509091882012117,0.5101675587462757,1.0638438770525578,1.7660075124800583,30,0,v2,best,full
b18a1ec1c1a78939f5d7dc6a,13.580045320483647,14.18522513130991,15.022489638181273,16.365419257436006,2.562698428498762,5.075701497074045,9.329710233711886,11.708465008077878,201,0,v2,best,full
c4ce4991e2c780ee248798c5,11.168281424008828,12.853927184614774,15.526803481337318,18.765393053701796,4.722481642106586,13.111366884113414,26.085369942476724,41.868115352484374,261,0,v2,best,full
cafda7b2c405a7356ad23317,6.283522704372044,7.487907470113902,9.000918912886634,10.795715759435137,0.2642611524662236,1.3145448976171017,2.4086613003449653,4.053338160255149,68,0,v2,best,full
e0215028944a4ec75f444e19,2.8892057590119453,3.37214451086485,3.966904822548248,4.656153908136999,0.5705696662505486,1.2627183344283428,2.677766387247188,4.06308227645936,66,0,v2,best,full
f16d833d3f91c8caa433428b,0.23430793934595254,0.23476473391233843,0.2464995224755651,0.26861366834581946,0.1226034794222483,0.4866401183569525,1.065377148314948,1.8312109832082395,26,0,v2,best,full
f95c92978b570a98e434271a,0.471557358440251,0.7811383922223284,0.6269974891891065,0.9032797647184603,1.120614779824352,2.132583392088392,2.950424233099629,4.191456619016157,30,0,v2,best,full
06755e10f47dc8eed37b1719,6.6916047078759195,6.569035074701009,6.834713825658646,7.290734048559926,0.8534146843475695,2.06945178086004,3.6115453818150063,5.422630486468502,79,1,v2,best,full
0e9e8498a81833aa0e801cfd,6.083534456174134,6.71313277976581,7.697813068196244,8.817748092398976,1.8288098405171391,5.934588655657396,10.713688030396002,17.171441576248448,138,1,v2,best,full
19de99e892f7b81c995afcee,1.1879967585902287,0.8072793212140728,0.9924670528905527,0.8057039788001066,0.5729104652067145,1.8713700294653672,3.218355960116969,4.4397092545041446,44,1,v2,best,full
1cbbc7776394571133e0e0c2,3.695269495114482,4.391184996383709,4.958561090521472,5.8650745442122805,0.8793916073957324,2.5089664772589306,4.153356132753297,6.382050341572667,42,1,v2,best,full
22b4a078d92af984c9fee622,0.4356843278166078,0.37935952734472395,0.4936667034157918,0.4373996485939189,0.7620023371997664,1.4292986924250948,2.5515559045088154,3.480566156949708,20,1,v2,best,full
251c4aed6f2f22e2cd4e7950,9.323126372774173,10.162860721972976,11.787035404600024,13.213987933198457,1.6338564693826294,3.581390276445003,6.386620793429895,8.567359576501442,144,1,v2,best,full
54cf16f5546c465081595c8a,3.7731214523437444,4.553617584872027,5.505850838106244,6.529839699597581,0.4595040092671907,2.351325220139939,4.240227956455328,7.2248478579778155,75,1,v2,best,full
62086441a395f4ee3ac106d5,0.5091154401254611,0.5999633402228978,0.6242035427570564,0.780611165403394,1.5664645013527851,2.4200064831272496,5.00334187450005,6.718278931210977,47,1,v2,best,full
82b738752b07c786c4894425,2.649041544496937,3.0864840525232,3.352082812507859,3.919396060598216,1.2430912495531345,2.980789642222611,5.0811291047076566,6.784592820123854,85,1,v2,best,full
859d79d160a0c2d4e8dc6601,2.5708492623711305,2.8551879312537802,3.3011532241867414,3.759831082421889,0.04549219558432997,0.17374765228003397,0.37045459473070297,0.616727829985839,57,1,v2,best,full
9ab5a133445172da22cdf234,4.397821694526845,4.459962457623721,5.336697267948233,5.396243726759415,4.179785261358068,6.9822570969976425,12.00564034038929,16.478348134164975,139,1,v2,best,full
b673b62aef2e393a9a57da0e,0.3012188291907015,0.4562727270404542,0.33746377604540123,0.5498730712905294,0.5186289289710574,1.6885286522016754,2.8664308059316483,4.582004554437574,38,1,v2,best,full
c46e2177e3eacda2490c068c,3.163813699046535,3.8468458720869334,4.863411210692858,5.72608662242233,3.293780233230187,9.416470394888847,16.522606757907432,25.312760604750846,105,1,v2,best,full
ca4dac8cfc5968789e4daed3,0.1690102030210243,0.20783266489917274,0.2694302391006581,0.33562897363549804,0.07766378076936002,0.3057765654926236,0.6635654531359918,1.1572316980086952,16,1,v2,best,full
d08246fe29a5350bad6fe070,0.4137215276231021,0.4489261173873311,0.4566711044263262,0.610531654615403,0.5646991133179804,1.5866103313715065,2.9515179016286117,4.5842221995953025,48,1,v2,best,full
d487644f50415a00aa395687,3.8758949191968513,4.952116908427897,5.21109169496,5.93347151842732,2.4177760302132714,5.705220595354319,9.761619960620365,14.376080420985474,280,1,v2,best,full
d5ce1d32b4865d2191b015f1,4.315806010466521,4.76814373281514,5.81820587715562,6.937960100536239,0.43852620242787804,2.028567667790693,4.3586941287810435,7.174311954420956,66,1,v2,best,full
e112ee6ab051b580ca051db0,5.370912992912913,6.169718403984903,7.216297211336634,8.415368426128323,0.5529824981280755,1.2254366068662172,2.5840946886180767,3.9434056077903312,26,1,v2,best,full
e515d6ddae9d300034e5a4c9,0.3068881717745633,0.4813626489799233,0.7433544722710737,1.0683510438178385,0.20519880034118954,0.7928510969645441,1.730231033749028,2.8979184075692555,40,1,v2,best,full
f7a033fe121407c2e431a3fb,0.6485664533853903,0.6844726301507121,0.7612688559659446,0.8223022270033182,0.3791779961593564,0.8664628823331801,1.4393614449220473,2.0712331194714397,76,1,v2,best,full
15264321f49364d0e409d25a,0.3280487296824676,0.4371405004461877,0.470267850498292,0.6054150247583439,0.5377771898187154,2.0982318717008095,3.311484002130823,5.35822604890554,37,2,v2,best,full
2622b0d26b835ae6d2f9a6fb,1.731968591937242,1.7932659459253641,1.946905574910356,2.5473411207288397,0.7189649448949741,1.9165574307599451,4.109391079482068,6.589934957912501,17,2,v2,best,full
30bf7f5ece6b66f593a62355,1.358007841603643,1.3764344675793083,1.8062986947250517,1.6217357901902292,1.0874878506250274,2.0846227033925815,3.5873461114565908,4.925522868342938,92,2,v2,best,full
5aa446cc0d519b3d1ff5dd59,1.1990192028780546,1.358432105727385,1.6965039069373398,1.9498087052829811,0.6371426055729775,1.8211711230833119,3.4512022075819893,5.393425754175976,69,2,v2,best,full
647300a9e7b5197e7d576b88,0.5697195095400884,0.8793108946418582,0.701340699131774,1.095826465880338,0.8013399099925556,2.5233231370229845,3.8656630406879615,6.353599415499931,27,2,v2,best,full
67133ff435a17a5ec17cf840,8.080507047816091,9.49650377424953,12.284573347578972,14.523512044446349,7.802065905266056,19.511803455940623,34.99411706406548,52.124771827761855,402,2,v2,best,full
74543bbafa57085358ce660c,0.43050710277127885,0.4115947076891169,0.4746724834184123,0.5171687930659774,0.11298249152604112,1.046275907111541,1.51452139298876,2.7167483411761353,47,2,v2,best,full
803097051326d15b37d1f0b5,0.24296693214971427,0.22508480466364134,0.2596429350103983,0.2856571128489152,0.15286993931694484,0.9047350132288359,1.5863867158670388,2.7935084188371575,51,2,v2,best,full
83077d8cda843b1f8999b8ac,0.30628570581563536,0.33403267492557287,0.3857541679567471,0.45613294213182787,0.20163457716763952,1.0849303075128418,1.9680102733487257,3.4164744891512724,41,2,v2,best,full
8328cbb9a38d105805a841ae,0.2163981969538072,0.1947954207535792,0.23149676907038857,0.23662713003953215,0.42131156400284453,0.7318073198721934,1.4746774657327109,2.0237781142032523,18,2,v2,best,full
9e8600ee502cf8d652da2190,1.5873004859028466,2.0154219426010394,2.499893054772473,3.2323706882029954,0.8937622551010421,1.6276453024407511,3.3655305486093052,4.776732524387926,94,2,v2,best,full
a0c18740edcec6332b64efdb,2.9107538177429304,2.835534510189671,3.3416521352026187,3.70119786618809,0.7832568062743415,2.733509277580453,5.077358350416796,8.312300605919843,146,2,v2,best,full
b2c3f126ac3f52bd93b9e24d,0.3164184586812041,0.3787156510838342,0.42287755295226576,0.48461448926680717,0.5084977946634864,1.0355641248698884,2.1818527182626384,3.2252595807773505,20,2,v2,best,full
c4ac2bcd854590b8597d2451,1.128676230686517,1.4350267334481435,1.5103658541223322,1.722320036137386,0.4851093069194385,2.2073056060527976,3.1989176924384686,5.299002659519693,52,2,v2,best,full
c8dbc9db24ccf188b1047836,0.10910079535951131,0.11695320978987633,0.1297560162683848,0.1441940886635504,0.09130719531504973,0.33407500143967694,0.676049598365413,1.0841747267753796,20,2,v2,best,full
ca98723ea341f53a85c13939,4.79142862399869,4.123693019627118,4.607454116271846,5.630267511061669,0.29086952910434194,1.0799814701349328,2.194837290557183,3.5501480586687517,93,2,v2,best,full
d500c1b5bce271717c00099b,0.8200116378075591,0.8680503234029899,0.9184800044730163,1.0538074117990683,0.4978641233198223,1.2565435343531617,2.2044893255809535,3.192469488747089,84,2,v2,best,full
dad499d5efb83338dfca60ba,1.142914584171086,0.9648731367367016,1.297912325758333,1.1258519537010496,1.0604296210146862,1.3147431497443682,2.6484548176447493,3.1319393851212034,92,2,v2,best,full
e423c7d529287238e81079f0,0.5143688785258237,0.7179706593103699,0.7008276530831037,0.8012940539208675,5.606508059716481e-05,5.60914812757299e-05,0.00011235571394359599,0.00011235571394359599,7,2,v2,best,full
ff626c988eb779cf4dc8622c,0.26096740516639344,0.36303278403683253,0.44869397620802687,0.5064740605680593,0.15756871565053743,0.6230838991973656,1.34138902040603,2.2401433693668937,39,2,v2,best,full
01d2b0bb70c756910f6fee6b,0.7647346212016815,0.6852935282594557,0.6807862615505521,0.7381873764670785,0.0927851674740863,0.3589442643143076,0.7321299789965972,1.2242940608770494,48,3,v2,best,full
2c3b38ff6f807a91e3cdd8a6,1.1851452111176286,1.4455625655935211,1.492536289369668,1.631642649107079,0.10842481590311596,0.42307590245916815,0.8823499735620193,1.4878920674988088,34,3,v2,best,full
31ed08fae62e9a59ac4fbef2,1.283156456195494,0.7269609321860435,1.3775064115041964,0.9663652094390789,0.8442486676089902,1.73862239440709,3.2974988272685635,4.808862865988199,34,3,v2,best,full
416653a55c8f38eadcdad8ef,0.30633548358946566,0.29092875096215154,0.32951411710354356,0.3497025113326867,0.07816363117654303,0.3058598784079537,0.6889467414729332,1.1889548717293368,86,3,v2,best,full
4270cf35bec82cd80b00a353,26.259984857462367,29.711599407436843,33.56803561322428,37.73967167773747,0.42406400934705946,1.840723696785338,3.9072047998537496,6.424024616153078,53,3,v2,best,full
519bb4fc6c5afbbeabc02746,1.0270726172394435,1.2512225330452846,1.3029325340471234,1.434519130922893,0.5111208359995935,1.0303965586546184,2.147634241656254,3.1068023621268903,44,3,v2,best,full
5cdaec7458bf61138cfd0ba2,0.5344000731266453,0.425204486656889,0.4853911894059519,0.533189346204169,0.30853510555753216,1.1520178337165752,2.36462937479594,3.7601634689731607,46,3,v2,best,full
78a7ee098a87947602e5aeea,0.7705283178351303,0.7664834893943682,0.6145015404073197,0.6674105063900448,0.4806890291574594,0.9406973670812832,1.948055183686777,2.830698109795415,36,3,v2,best,full
7919203741a99f9f867dca66,12.120023918402525,13.969134584403504,17.04578465736511,20.667139808812227,2.3194262462112234,7.438838788558945,14.088960045475181,22.464052231090836,332,3,v2,best,full
8f980b6456b392be5483af6a,1.2609047780866565,1.7682544639580513,1.3727511209863983,1.9721412701953085,0.7650232289115296,2.083421810193465,3.2864532830021034,4.976728138344207,84,3,v2,best,full
a56a50feb861136806a443c8,8.898581483512412,9.343377252596566,10.477305700361367,11.812530169071145,1.0827696830928768,3.0970295683672244,5.837518343730347,9.084720220370787,123,3,v2,best,full
afd3d75d64731a4a2971d0a2,1.0352807736940386,1.07231315118483,1.1209392800630624,1.2144732600968882,0.5326614104574302,1.450843641939922,2.7355769742802365,4.287911948726057,54,3,v2,best,full
b3ea770ff7186b0683a0a797,0.39523767199758253,0.2708187820800406,0.35793992568351835,0.33644597626343375,0.12037768293444516,1.0532061460880735,1.5538202111610675,2.7661789660472333,31,3,v2,best,full
bbed182eaae70a20eea68990,1.8324293754581231,2.0214503903148433,2.191808940602308,2.3390089581425104,0.25109826520201295,0.9500859309440998,2.053598348876942,3.404240925203551,52,3,v2,best,full
bcf035a124c9342210d36adb,1.20496643283373,1.4583665107689834,1.3424983319154633,1.6156795538195925,1.1573452016575614,2.382069283861583,3.5928211265721743,5.405834784752311,92,3,v2,best,full
d9fa36aa7d2d425c4e774763,1.5334599757540417,1.5084346143086687,1.8623401205385206,1.739266203896102,0.7648921808160403,1.1342275211200472,1.9934693246395518,2.686829127243824,32,3,v2,best,full
de2c6c96d6cda1d2abc2c9f2,0.5115134589367792,0.32738771526926136,0.5101684860941885,0.4622660964987957,0.40348738755645824,0.9538964071037648,1.635369826459148,2.386217992715867,65,3,v2,best,full
e18f355b53e707053ace4031,0.7759119465045098,1.384640833893105,1.6018287064376535,2.1602947055599557,1.5481996660054589,2.055633818729494,4.654074020029577,6.030837906885751,25,3,v2,best,full
feb2503bff968376ea29adef,2.6662483763167732,3.0528784459050624,3.3939999491947797,3.9527196699499756,1.706141126882876,5.094787837488964,7.395333364586591,11.055912331555685,160,3,v2,best,full
1923e1bf3fc5c00a85a60ab3,0.495195937293191,0.39322496078151536,0.4225547158059484,0.48669880073729216,0.397660542213908,1.4303208629564188,2.979288398135501,4.865540155543377,104,4,v2,best,full
1e74fdb8aadc76905d6568db,0.23715203813525035,0.12128551520569149,0.17698325047445904,0.1957983344836355,0.059196342077745136,0.8662113697581327,1.1250727484893432,2.0857735338123082,17,4,v2,best,full
208d695526edfa0e1786c8b7,1.1255161854120992,1.059311400578666,1.4260725014406896,1.2455097932575199,0.43925038426518115,1.3960066890314349,2.207593941298582,3.4617332676125656,47,4,v2,best,full
32c0e5181af52a6e1e69eead,2.7023552441414673,2.6608658560974154,3.0304540264713626,3.24227185358943,1.0481137271436862,2.127455951898581,4.4281365860046495,6.408417077108009,79,4,v2,best,full
37565d359b277fad78dedfc1,8.21313847680888,8.360600069952612,10.317373626749658,11.38758528693816,2.199428808235006,4.809112098595728,9.192284917174513,13.166631734556143,95,4,v2,best,full
43b3bed3cf3786a0441bb030,19.474360380310024,20.600365978057415,23.586079006095922,27.278673644035102,0.4161220326948165,1.5709607862645596,3.2902902477473175,5.305330949284734,48,4,v2,best,full
70a85d0ee62de8cb910dff34,0.6413130438003051,0.4944719234561245,0.6539072635875496,0.6793564137151631,0.121799943470188,0.7881653926562228,1.3341561465924374,1.998329508591617,27,4,v2,best,full
712e212ed71e1d58c2469d27,6.328844890313158,7.295672368063708,9.418217436059967,11.718283870394774,4.6094289866800615,14.543429535423083,25.84134044492594,38.928060681771605,275,4,v2,best,full
98687d66d5e3ec415bc7769e,2.429193233051303,2.9022639409410886,3.2726961340357095,3.6627078424393344,1.4470320840941757,1.8812636623727768,3.1998686650117674,4.0713121149302935,96,4,v2,best,full
9a8bcc1c9caf8e173e52d899,0.22228748654531957,0.25825894015889644,0.3181347427274823,0.336387919086112,0.3733986828670482,0.5035713666572045,1.0225021020293519,1.2774137663412284,18,4,v2,best,full
b754e040a63becc56b04d5ae,0.48389752256436075,0.6834422844233319,0.8229139409990752,0.9969326987753797,0.44334775459807807,0.8047351116590239,1.9927290651842118,2.7352269791432438,49,4,v2,best,full
bb4473a9757ca16a9f02ce13,16.578767458071653,17.946567227238685,19.73381028652788,21.88816314274529,1.0143916955052277,2.7054931529670867,4.991582275731435,7.761191064338105,166,4,v2,best,full
d12771172f616e82494d2e01,1.082095167035474,1.2684137699229656,1.1640619102122298,1.3242271462781223,0.815413089957891,1.9399073788421153,3.322941171669802,4.94509883834707,71,4,v2,best,full
dc5e80c36850c234e8fb9522,1.3099896361807075,2.0193660523150454,2.4500923236060137,3.5229785014917256,0.6616705594775599,2.517244216611513,4.207700961575446,6.796169458419175,38,4,v2,best,full
e7ad0f6d986db7e46d5793dc,2.1138343010376617,2.1864989875865253,3.0340938537920654,2.957350208034614,1.2963929818434474,3.5047595528173905,5.784693248231328,8.03738585493282,78,4,v2,best,full
e93c606e41c81542f2771f32,1.5673915928657627,1.5406835243045143,2.0281624006862424,2.041844561813228,0.7719608604645483,1.737112310896361,2.8701716767570526,4.134289483297672,45,4,v2,best,full
e9ff40ea77c973f5568e80a7,0.7637319625908725,1.2554137001000933,1.062412043336733,1.5356966102333205,0.7640827461391706,1.41453551922102,2.6063418382542918,2.9954281616755862,48,4,v2,best,full
ea5cba16c2b375249fb0cdb1,0.4845630958106322,0.35757105828751495,0.5329795451098076,0.47932141645806353,0.44168948741008773,1.1198469178509762,1.9551060671077276,2.885456575223488,35,4,v2,best,full
f00cb7a36cfe26683f4940cd,0.586896242812273,0.748794850990903,0.7417798879620356,0.9063330723442248,0.5298770156924526,1.1329700010197366,2.359369448439011,3.495245870879151,42,4,v2,best,full
f091da94d826fc41dfd96523,0.6118890311831309,0.6903712717311259,0.7851394056107678,0.8198962280951181,0.453582021736586,1.147718169889263,2.005487348174057,3.038571417007496,60,4,v2,best,full
0d15c03ff91687d6e4160c76,2.4060179405204463,2.7581225901412463,3.537875682952222,4.243863692803074,0.5901987928753978,1.9555994998150603,3.293811435594145,5.142919809884805,45,0,v2,final,base
15ac0c27cfb7bd123cba253c,0.9170875949444923,0.9197355274858283,1.045601190666396,1.1719375808340458,0.5132984192192058,1.340197827141974,2.4074359988990635,3.672028131523067,48,0,v2,final,base
18be04203c9741a45c03846c,3.513635628636707,4.670762514418959,6.45461804575867,8.383185820294123,2.625666897394998,7.950268782682485,15.110471787578316,23.356962822831296,145,0,v2,final,base
1f3694a0903ca7aa11b6d537,112.33269939683218,126.02824298769275,140.70370090451763,152.68456285414825,1.145105967815278,7.491828514794145,9.940873991847704,17.045332900797145,71,0,v2,final,base
27a9f0ccf4449520d7945ddb,1.8040931685636767,1.9385319656559166,1.9194782529556236,2.0764536774487024,1.788884393841493,3.149928423952244,5.400387210758394,7.1275946263787215,85,0,v2,final,base
297cdf3f22a5ce3c69d592dc,0.18653331368845905,0.2556531878631375,0.23606025557231472,0.40257350144006276,0.12270157613815778,1.1067038876888984,1.6168345892920055,2.9016175357988456,23,0,v2,final,base
3181ce705c6dc5bf85e5c726,9.403472034644109,10.4493488547221,11.750947182121529,13.32543503713407,0.8781393706864216,2.4052993762728376,5.130449255155231,8.18442777079403,61,0,v2,final,base
604318a82bdce83568498e50,12.566189076568072,13.194011468344069,13.15146976489844,14.733395637056393,0.3216166691031344,2.224397389068044,3.6492192832182964,6.433073965646696,51,0,v2,final,base
6376b9b233e3f46c99d1b25a,6.692738982515731,7.903914764847212,9.818834040190268,11.753475430322212,4.805703855801797,10.788831607940605,18.980152358943833,28.249953327537142,203,0,v2,final,base
8b911a92a60c4b75453b96ba,0.42783448792382994,0.506565326887957,0.6522498601124561,0.7761353858404573,0.7880858879329304,1.1637431962451306,2.391283886285051,3.1715492322701104,38,0,v2,final,base
8d090ad17dfd15c68596e923,0.27235848574438676,0.3282544351331184,0.34244628768949403,0.33730662901586056,0.1472686711966943,0.5995682202002806,1.277763203104501,2.216192308291568,46,0,v2,final,base
9c3383854c3a4e4a033a83c6,0.45915739323882315,0.8087957656118103,0.7221034065240096,1.0894799035593168,0.8265226172395292,1.606898123097763,2.8964866035091434,3.917793356906092,27,0,v2,final,base
a684da0a8321178250720483,9.691822513634623,10.546757039178365,12.186701593689302,14.281883492866141,1.08441279182578,2.9153319393409975,5.307689841651879,8.149965662598913,134,0,v2,final,base
aa1b515c110a46d2a37ed31c,0.7396618630855186,0.9402158119619826,1.1565115152846437,1.3744080183902943,0.13509091882012117,0.5101675587462757,1.0638438770525578,1.7660075124800583,30,0,v2,final,base
b18a1ec1c1a78939f5d7dc6a,13.660546317464515,14.08328396150385,14.971303748027072,16.510911514986553,2.562698428498762,5.075701497074045,9.329710233711886,11.708465008077878,201,0,v2,final,base
c4ce4991e2c780ee248798c5,10.993937793690245,12.676731208421797,15.36986371291695,18.675830528911327,4.722481642106586,13.111366884113414,26.085369942476724,41.868115352484374,261,0,v2,final,base
cafda7b2c405a7356ad23317,6.008843429938605,7.531865004548587,9.348875775000232,11.474306424885008,0.2642611524662236,1.3145448976171017,2.4086613003449653,4.053338160255149,68,0,v2,final,base
e0215028944a4ec75f444e19,2.914935269078516,3.367274719661925,3.9831641734697913,4.713094862335323,0.5705696662505486,1.2627183344283428,2.677766387247188,4.06308227645936,66,0,v2,final,base
f16d833d3f91c8caa433428b,0.21966676998292328,0.21781131470289933,0.2246702759831931,0.24193117289473764,0.1226034794222483,0.4866401183569525,1.065377148314948,1.8312109832082395,26,0,v2,final,base
f95c92978b570a98e434271a,0.4688719623714503,0.7759323442200556,0.6177252892991656,0.8763723294610181,1.120614779824352,2.132583392088392,2.950424233099629,4.191456619016157,30,0,v2,final,base
06755e10f47dc8eed37b1719,7.0094260370682555,6.962975907117584,7.3051623920568804,7.807460473661049,0.8534146843475695,2.06945178086004,3.6115453818150063,5.422630486468502,79,1,v2,final,base
0e9e8498a81833aa0e801cfd,6.396529995037651,7.171422280890454,8.245631764448412,9.411449444241264,1.8288098405171391,5.934588655657396,10.713688030396002,17.171441576248448,138,1,v2,final,base
19de99e892f7b81c995afcee,1.1395398389500453,0.7933857546048597,0.9861146986545735,0.7992538345400716,0.5729104652067145,1.8713700294653672,3.218355960116969,4.4397092545041446,44,1,v2,final,base
1cbbc7776394571133e0e0c2,3.6869230950684937,4.412140810937533,5.02397630858658,5.987435068366254,0.8793916073957324,2.5089664772589306,4.153356132753297,6.382050341572667,42,1,v2,final,base
22b4a078d92af984c9fee622,0.4318410065833031,0.3880404896761898,0.49381624474457725,0.43549447784683937,0.7620023371997664,1.4292986924250948,2.5515559045088154,3.480566156949708,20,1,v2,final,base
251c4aed6f2f22e2cd4e7950,9.501365380425977,10.472678099055067,12.169708807396177,13.679335525471886,1.6338564693826294,3.581390276445003,6.386620793429895,8.567359576501442,144,1,v2,final,base
54cf16f5546c465081595c8a,3.8241276301814735,4.520296059485253,5.4181114208851495,6.444833506951812,0.4595040092671907,2.351325220139939,4.240227956455328,7.2248478579778155,75,1,v2,final,base
62086441a395f4ee3ac106d5,0.5289804493158082,0.6078153927407817,0.6149390307605103,0.763574394947741,1.5664645013527851,2.4200064831272496,5.00334187450005,6.718278931210977,47,1,v2,final,base
82b738752b07c786c4894425,2.5932521680204847,3.0901010481897178,3.3911264107157617,3.9965823358337627,1.2430912495531345,2.980789642222611,5.0811291047076566,6.784592820123854,85,1,v2,final,base
859d79d160a0c2d4e8dc6601,2.5610114756047935,2.8040204136530154,3.2113552215174974,3.6526893869662853,0.04549219558432997,0.17374765228003397,0.37045459473070297,0.616727829985839,57,1,v2,final,base
9ab5a133445172da22cdf234,4.259098687571692,4.391271943089904,5.238171783296465,5.278876348814254,4.179785261358068,6.9822570969976425,12.00564034038929,16.478348134164975,139,1,v2,final,base
b673b62aef2e393a9a57da0e,0.2665149385122318,0.4313605584693747,0.30869873503512296,0.5081514468697436,0.5186289289710574,1.6885286522016754,2.8664308059316483,4.582004554437574,38,1,v2,final,base
c46e2177e3eacda2490c068c,3.104912372650764,3.78178044517875,4.741137736352064,5.531353190417602,3.293780233230187,9.416470394888847,16.522606757907432,25.312760604750846,105,1,v2,final,base
ca4dac8cfc5968789e4daed3,0.1816897854628715,0.24323642672197088,0.3147598924214764,0.38355836724333686,0.07766378076936002,0.3057765654926236,0.6635654531359918,1.1572316980086952,16,1,v2,final,base
d08246fe29a5350bad6fe070,0.40686972820214484,0.46024351306198785,0.4554597850885257,0.6043371404363599,0.5646991133179804,1.5866103313715065,2.9515179016286117,4.5842221995953025,48,1,v2,final,base
d487644f50415a00aa395687,3.8468808724193533,4.894031322315868,5.135146446227202,5.828212735586652,2.4177760302132714,5.705220595354319,9.761619960620365,14.376080420985474,280,1,v2,final,base
d5ce1d32b4865d2191b015f1,4.465143387704564,4.817432083303644,5.840809990917114,6.968703738479715,0.43852620242787804,2.028567667790693,4.3586941287810435,7.174311954420956,66,1,v2,final,base
e112ee6ab051b580ca051db0,5.511205934262136,6.5448541360506685,7.7535204753585525,9.074060063976667,0.5529824981280755,1.2254366068662172,2.5840946886180767,3.9434056077903312,26,1,v2,final,base
e515d6ddae9d300034e5a4c9,0.3123841586424786,0.4980877856541275,0.7593212810430274,1.0804185080796695,0.20519880034118954,0.7928510969645441,1.730231033749028,2.8979184075692555,40,1,v2,final,base
f7a033fe121407c2e431a3fb,0.6337212741354993,0.6552964224524405,0.7102984220062759,0.7545679693225382,0.3791779961593564,0.8664628823331801,1.4393614449220473,2.0712331194714397,76,1,v2,final,base
15264321f49364d0e409d25a,0.3262280520302241,0.42675780540279323,0.4630164950766965,0.5963709812664113,0.5377771898187154,2.0982318717008095,3.311484002130823,5.35822604890554,37,2,v2,final,base
2622b0d26b835ae6d2f9a6fb,1.7938461897894427,1.9062532591719052,2.1402394124859923,2.8222596084179914,0.7189649448949741,1.9165574307599451,4.109391079482068,6.589934957912501,17,2,v2,final,base
30bf7f5ece6b66f593a62355,1.4135979819202111,1.3899643405553592,1.8163711820305009,1.6222252850505525,1.0874878506250274,2.0846227033925815,3.5873461114565908,4.925522868342938,92,2,v2,final,base
5aa446cc0d519b3d1ff5dd59,1.2315875799063212,1.3911462230928664,1.7070417961970146,1.9547650566543404,0.6371426055729775,1.8211711230833119,3.4512022075819893,5.393425754175976,69,2,v2,final,base
647300a9e7b5197e7d576b88,0.5523579402495657,0.886002835461028,0.6938187518429417,1.0688078865781088,0.8013399099925556,2.5233231370229845,3.8656630406879615,6.353599415499931,27,2,v2,final,base
67133ff435a17a5ec17cf840,8.090614625679912,9.530821872551364,12.337551740751117,14.534284479315073,7.802065905266056,19.511803455940623,34.99411706406548,52.124771827761855,402,2,v2,final,base
74543bbafa57085358ce660c,0.3870499584684184,0.3935312718191407,0.4751476398472042,0.5325397892161946,0.11298249152604112,1.046275907111541,1.51452139298876,2.7167483411761353,47,2,v2,final,base
803097051326d15b37d1f0b5,0.22292911283881192,0.21107857658354792,0.24311536737575656,0.2743367091089693,0.15286993931694484,0.9047350132288359,1.5863867158670388,2.7935084188371575,51,2,v2,final,base
83077d8cda843b1f8999b8ac,0.3018922459870256,0.3210910943233593,0.37356410625267605,0.44551455181537875,0.20163457716763952,1.0849303075128418,1.9680102733487257,3.4164744891512724,41,2,v2,final,base
8328cbb9a38d105805a841ae,0.20291239491334356,0.18709798154528812,0.2201596946209007,0.2256755078094012,0.42131156400284453,0.7318073198721934,1.4746774657327109,2.0237781142032523,18,2,v2,final,base
9e8600ee502cf8d652da2190,1.7030703617425254,2.1923649217714165,2.717925927289291,3.4944206469004095,0.8937622551010421,1.6276453024407511,3.3655305486093052,4.776732524387926,94,2,v2,final,base
a0c18740edcec6332b64efdb,2.8401700161739427,2.7285989932907855,3.2097558049136055,3.593177710177796,0.7832568062743415,2.733509277580453,5.077358350416796,8.312300605919843,146,2,v2,final,base
b2c3f126ac3f52bd93b9e24d,0.3199964381833987,0.3838525365792864,0.4354628148238318,0.4976655382847532,0.5084977946634864,1.0355641248698884,2.1818527182626384,3.2252595807773505,20,2,v2,final,base
c4ac2bcd854590b8597d2451,1.0796355944484646,1.3935506082023308,1.4737398347189845,1.68654061263055,0.4851093069194385,2.2073056060527976,3.1989176924384686,5.299002659519693,52,2,v2,final,base
c8dbc9db24ccf188b1047836,0.1110156076545814,0.115611241637703,0.1258760713591776,0.13931849600581653,0.09130719531504973,0.33407500143967694,0.676049598365413,1.0841747267753796,20,2,v2,final,base
ca98723ea341f53a85c13939,4.69063588400953,4.318734265560907,5.126464884796689,6.539303584079134,0.29086952910434194,1.0799814701349328,2.194837290557183,3.5501480586687517,93,2,v2,final,base
d500c1b5bce271717c00099b,0.8203768808497403,0.8795000133619111,0.9170656968449418,1.0532212584588376,0.4978641233198223,1.2565435343531617,2.2044893255809535,3.192469488747089,84,2,v2,final,base
dad499d5efb83338dfca60ba,1.0709902662590431,0.9191674273217666,1.2833908499177133,1.1203120427888316,1.0604296210146862,1.3147431497443682,2.6484548176447493,3.1319393851212034,92,2,v2,final,base
e423c7d529287238e81079f0,0.5201610338200233,0.711919747286038,0.6903860047672572,0.783874451824202,5.606508059716481e-05,5.60914812757299e-05,0.00011235571394359599,0.00011235571394359599,7,2,v2,final,base
ff626c988eb779cf4dc8622c,0.27686872227619513,0.39849123234047157,0.49778834752942186,0.5577729868706719,0.15756871565053743,0.6230838991973656,1.34138902040603,2.2401433693668937,39,2,v2,final,base
01d2b0bb70c756910f6fee6b,0.6865235993335264,0.6672711570378813,0.6856023033582961,0.7513910640268429,0.0927851674740863,0.3589442643143076,0.7321299789965972,1.2242940608770494,48,3,v2,final,base
2c3b38ff6f807a91e3cdd8a6,1.0693746110022113,1.3970467847014505,1.47423016077664,1.6168592134845436,0.10842481590311596,0.42307590245916815,0.8823499735620193,1.4878920674988088,34,3,v2,final,base
31ed08fae62e9a59ac4fbef2,1.2379493196121467,0.7034683757391246,1.360293753738926,0.9458372341070957,0.8442486676089902,1.73862239440709,3.2974988272685635,4.808862865988199,34,3,v2,final,base
416653a55c8f38eadcdad8ef,0.28249116252112305,0.2829861711514859,0.3167107943434095,0.3336747293386742,0.07816363117654303,0.3058598784079537,0.6889467414729332,1.1889548717293368,86,3,v2,final,base
4270cf35bec82cd80b00a353,28.895564488205427,32.948085471593316,37.211869785325476,41.6411313262809,0.42406400934705946,1.840723696785338,3.9072047998537496,6.424024616153078,53,3,v2,final,base
519bb4fc6c5afbbeabc02746,1.0195713044900885,1.2213939659985884,1.2653725583169722,1.4052526772431606,0.5111208359995935,1.0303965586546184,2.147634241656254,3.1068023621268903,44,3,v2,final,base
5cdaec7458bf61138cfd0ba2,0.4539788986406094,0.4007216636156383,0.46694365056483605,0.5198242390134631,0.30853510555753216,1.1520178337165752,2.36462937479594,3.7601634689731607,46,3,v2,final,base
78a7ee098a87947602e5aeea,0.6272675838593109,0.6234405824153977,0.49669512081416645,0.5776370445102317,0.4806890291574594,0.9406973670812832,1.948055183686777,2.830698109795415,36,3,v2,final,base
7919203741a99f9f867dca66,12.44294225395765,14.766651358555723,18.216895258649636,22.138877069728704,2.3194262462112234,7.438838788558945,14.088960045475181,22.464052231090836,332,3,v2,final,base
8f980b6456b392be5483af6a,1.2002423485339768,1.7194248310286124,1.3588425836182014,1.9472945793784855,0.7650232289115296,2.083421810193465,3.2864532830021034,4.976728138344207,84,3,v2,final,base
a56a50feb861136806a443c8,9.09881004911778,9.621647874863083,10.953393469609985,12.500458822852295,1.0827696830928768,3.0970295683672244,5.837518343730347,9.084720220370787,123,3,v2,final,base
afd3d75d64731a4a2971d0a2,0.9136083389326106,1.0102714011278202,1.084328901455693,1.1851293976313382,0.5326614104574302,1.450843641939922,2.7355769742802365,4.287911948726057,54,3,v2,final,base
b3ea770ff7186b0683a0a797,0.34988210717085727,0.2768699015750552,0.37743352259827684,0.3513570791994114,0.12037768293444516,1.0532061460880735,1.5538202111610675,2.7661789660472333,31,3,v2,final,base
bbed182eaae70a20eea68990,1.7076206830206275,1.840242796154965,1.984171588479471,2.13773108755663,0.25109826520201295,0.9500859309440998,2.053598348876942,3.404240925203551,52,3,v2,final,base
bcf035a124c9342210d36adb,1.1197918028907585,1.4592952105123487,1.3725049371059144,1.6509315091911159,1.1573452016575614,2.382069283861583,3.5928211265721743,5.405834784752311,92,3,v2,final,base
d9fa36aa7d2d425c4e774763,1.4457745091269851,1.4684331858813389,1.8344367734407157,1.7404669974337041,0.7648921808160403,1.1342275211200472,1.9934693246395518,2.686829127243824,32,3,v2,final,base
de2c6c96d6cda1d2abc2c9f2,0.4800882900951947,0.36036543811284943,0.5390823630990107,0.48660886691218336,0.40348738755645824,0.9538964071037648,1.635369826459148,2.386217992715867,65,3,v2,final,base
e18f355b53e707053ace4031,0.7695415790809933,1.3264572577823894,1.507163886300495,2.0298610939318418,1.5481996660054589,2.055633818729494,4.654074020029577,6.030837906885751,25,3,v2,final,base
feb2503bff968376ea29adef,2.5489879001996094,2.9061533042400907,3.1233825292296133,3.668361915271443,1.706141126882876,5.094787837488964,7.395333364586591,11.055912331555685,160,3,v2,final,base
1923e1bf3fc5c00a85a60ab3,0.4222023868912406,0.36257860453706847,0.3936779619237859,0.45209791824632123,0.397660542213908,1.4303208629564188,2.979288398135501,4.865540155543377,104,4,v2,final,base
1e74fdb8aadc76905d6568db,0.2207412166276834,0.12063399416977179,0.1772388944298798,0.19129317592149006,0.059196342077745136,0.8662113697581327,1.1250727484893432,2.0857735338123082,17,4,v2,final,base
208d695526edfa0e1786c8b7,1.097230152791427,1.0404958679454763,1.395382314198142,1.2206988857696437,0.43925038426518115,1.3960066890314349,2.207593941298582,3.4617332676125656,47,4,v2,final,base
32c0e5181af52a6e1e69eead,2.68082118539086,2.5772179613691284,2.906416240228436,3.1300904604332507,1.0481137271436862,2.127455951898581,4.4281365860046495,6.408417077108009,79,4,v2,final,base
37565d359b277fad78dedfc1,8.487064405670885,8.406446013450447,10.31782697755155,11.406494205007856,2.199428808235006,4.809112098595728,9.192284917174513,13.166631734556143,95,4,v2,final,base
43b3bed3cf3786a0441bb030,19.52005629372499,20.61211988648121,23.83696610830471,27.801062216463468,0.4161220326948165,1.5709607862645596,3.2902902477473175,5.305330949284734,48,4,v2,final,base
70a85d0ee62de8cb910dff34,0.617524846227926,0.4871385670043313,0.6495846300150208,0.6790811961415407,0.121799943470188,0.7881653926562228,1.3341561465924374,1.998329508591617,27,4,v2,final,base
712e212ed71e1d58c2469d27,6.238348959447687,7.380528650117858,9.500022508663644,11.770602487645991,4.6094289866800615,14.543429535423083,25.84134044492594,38.928060681771605,275,4,v2,final,base
98687d66d5e3ec415bc7769e,2.332419272407284,2.841038755194303,3.2516513708591095,3.700321638657532,1.4470320840941757,1.8812636623727768,3.1998686650117674,4.0713121149302935,96,4,v2,final,base
9a8bcc1c9caf8e173e52d899,0.22039405094558037,0.2566905120559786,0.30795101663750246,0.3245154754878097,0.3733986828670482,0.5035713666572045,1.0225021020293519,1.2774137663412284,18,4,v2,final,base
b754e040a63becc56b04d5ae,0.5437168971205817,0.7168905904913256,0.8342909358027326,0.9964995556591876,0.44334775459807807,0.8047351116590239,1.9927290651842118,2.7352269791432438,49,4,v2,final,base
bb4473a9757ca16a9f02ce13,16.193137475612502,18.086957014194944,20.323335528627528,22.838598816593525,1.0143916955052277,2.7054931529670867,4.991582275731435,7.761191064338105,166,4,v2,final,base
d12771172f616e82494d2e01,1.0438776476577836,1.2493873503746953,1.137725181207107,1.2687764263018222,0.815413089957891,1.9399073788421153,3.322941171669802,4.94509883834707,71,4,v2,final,base
dc5e80c36850c234e8fb9522,1.3076123839414877,2.0014294210110615,2.4073418060958653,3.4533489403558257,0.6616705594775599,2.517244216611513,4.207700961575446,6.796169458419175,38,4,v2,final,base
e7ad0f6d986db7e46d5793dc,2.127456960385806,2.19803307041815,3.024606759734113,2.936620878343605,1.2963929818434474,3.5047595528173905,5.784693248231328,8.03738585493282,78,4,v2,final,base
e93c606e41c81542f2771f32,1.6220450706798362,1.5854670484030322,2.0303260823952325,2.0462978071047737,0.7719608604645483,1.737112310896361,2.8701716767570526,4.134289483297672,45,4,v2,final,base
e9ff40ea77c973f5568e80a7,0.7655565083277918,1.247399296487778,1.0258352299074935,1.508177675714454,0.7640827461391706,1.41453551922102,2.6063418382542918,2.9954281616755862,48,4,v2,final,base
ea5cba16c2b375249fb0cdb1,0.4698532104963444,0.35206227675095864,0.5334218917817006,0.4676688621901867,0.44168948741008773,1.1198469178509762,1.9551060671077276,2.885456575223488,35,4,v2,final,base
f00cb7a36cfe26683f4940cd,0.6023510557457336,0.7562942180874057,0.7346165138455025,0.9029871746328141,0.5298770156924526,1.1329700010197366,2.359369448439011,3.495245870879151,42,4,v2,final,base
f091da94d826fc41dfd96523,0.5860975982947867,0.6867147877292867,0.7780238826852045,0.8197174890466453,0.453582021736586,1.147718169889263,2.005487348174057,3.038571417007496,60,4,v2,final,base
0d15c03ff91687d6e4160c76,2.360329257028189,2.780737359433041,3.5533010020094773,4.177803302987415,0.5901987928753978,1.9555994998150603,3.293811435594145,5.142919809884805,45,0,v2,final,full
15ac0c27cfb7bd123cba253c,0.8723876243318274,0.9247905134502178,1.0665810967813698,1.1942702723231533,0.5132984192192058,1.340197827141974,2.4074359988990635,3.672028131523067,48,0,v2,final,full
18be04203c9741a45c03846c,3.478127997265264,4.612812858370374,6.431563304716466,8.410886394169307,2.625666897394998,7.950268782682485,15.110471787578316,23.356962822831296,145,0,v2,final,full
1f3694a0903ca7aa11b6d537,111.78594603721123,123.84767507479856,136.62787933235484,147.07897454639328,1.145105967815278,7.491828514794145,9.940873991847704,17.045332900797145,71,0,v2,final,full
27a9f0ccf4449520d7945ddb,1.8408997253076382,1.947103303737147,1.9193843756339113,2.050224338194012,1.788884393841493,3.149928423952244,5.400387210758394,7.1275946263787215,85,0,v2,final,full
297cdf3f22a5ce3c69d592dc,0.1879821318501669,0.25192809972107105,0.23392643029890187,0.40839423086006293,0.12270157613815778,1.1067038876888984,1.6168345892920055,2.9016175357988456,23,0,v2,final,full
3181ce705c6dc5bf85e5c726,9.41816230381053,10.424683514930653,11.688161753898747,13.204548972760778,0.8781393706864216,2.4052993762728376,5.130449255155231,8.18442777079403,61,0,v2,final,full
604318a82bdce83568498e50,12.362652935418826,13.017180890093808,12.958949185422666,14.453094768312361,0.3216166691031344,2.224397389068044,3.6492192832182964,6.433073965646696,51,0,v2,final,full
6376b9b233e3f46c99d1b25a,6.78676487089233,7.861915802361171,9.757685891755507,11.681593077644417,4.805703855801797,10.788831607940605,18.980152358943833,28.249953327537142,203,0,v2,final,full
8b911a92a60c4b75453b96ba,0.42635188645561395,0.5055695409707655,0.656690191042088,0.7790478771668822,0.7880858879329304,1.1637431962451306,2.391283886285051,3.1715492322701104,38,0,v2,final,full
8d090ad17dfd15c68596e923,0.2967055109325023,0.3429134294766731,0.3600189534827439,0.3574258520528645,0.1472686711966943,0.5995682202002806,1.277763203104501,2.216192308291568,46,0,v2,final,full
9c3383854c3a4e4a033a83c6,0.4643016991803047,0.7998665309493643,0.7123772415250625,1.0810378647524423,0.8265226172395292,1.606898123097763,2.8964866035091434,3.917793356906092,27,0,v2,final,full
a684da0a8321178250720483,9.54012094773244,10.223242571335906,11.652411607748972,13.51337116992608,1.08441279182578,2.9153319393409975,5.307689841651879,8.149965662598913,134,0,v2,final,full
aa1b515c110a46d2a37ed31c,0.7840875066565025,0.9606526808417364,1.154448979673131,1.3442757629372668,0.13509091882012117,0.5101675587462757,1.0638438770525578,1.7660075124800583,30,0,v2,final,full
b18a1ec1c1a78939f5d7dc6a,13.139855643456434,13.76401916197213,14.599489225675175,15.956700549909382,2.562698428498762,5.075701497074045,9.329710233711886,11.708465008077878,201,0,v2,final,full
c4ce4991e2c780ee248798c5,11.046118923392957,12.753380693099071,15.44364324241892,18.70307004649782,4.722481642106586,13.111366884113414,26.085369942476724,41.868115352484374,261,0,v2,final,full
cafda7b2c405a7356ad23317,6.30730776486064,7.524424357594818,9.08480328200949,10.93719012974154,0.2642611524662236,1.3145448976171017,2.4086613003449653,4.053338160255149,68,0,v2,final,full
e0215028944a4ec75f444e19,2.9047287277134095,3.3838577620226564,3.9763308342644827,4.676236429628556,0.5705696662505486,1.2627183344283428,2.677766387247188,4.06308227645936,66,0,v2,final,full
f16d833d3f91c8caa433428b,0.2315013972443593,0.23305235998405935,0.24521430186589024,0.2681967096441277,0.1226034794222483,0.4866401183569525,1.065377148314948,1.8312109832082395,26,0,v2,final,full
f95c92978b570a98e434271a,0.46823229891447066,0.7843360989474724,0.6284838919078891,0.9077394639870158,1.120614779824352,2.132583392088392,2.950424233099629,4.191456619016157,30,0,v2,final,full
06755e10f47dc8eed37b1719,6.837799263054559,6.678448783723282,6.936122797160432,7.363683151912607,0.8534146843475695,2.06945178086004,3.6115453818150063,5.422630486468502,79,1,v2,final,full
0e9e8498a81833aa0e801cfd,6.185079330584053,6.821052449740602,7.795200845558472,8.918329914889583,1.8288098405171391,5.934588655657396,10.713688030396002,17.171441576248448,138,1,v2,final,full
19de99e892f7b81c995afcee,1.1769996143076982,0.8015622511436309,0.9861943332453832,0.800364767088674,0.5729104652067145,1.8713700294653672,3.218355960116969,4.4397092545041446,44,1,v2,final,full
1cbbc7776394571133e0e0c2,3.666827840384234,4.3368586178522595,4.8895615737684635,5.784170159781808,0.8793916073957324,2.5089664772589306,4.153356132753297,6.382050341572667,42,1,v2,final,full
22b4a078d92af984c9fee622,0.4358758555811522,0.37936899940092594,0.4935423597714656,0.43657899477671636,0.7620023371997664,1.4292986924250948,2.5515559045088154,3.480566156949708,20,1,v2,final,full
251c4aed6f2f22e2cd4e7950,9.374556239167115,10.232027407244383,11.860142029350559,13.290767871257563,1.6338564693826294,3.581390276445003,6.386620793429895,8.567359576501442,144,1,v2,final,full
54cf16f5546c465081595c8a,3.7575293783698447,4.551854185429484,5.4992306326685165,6.5209457737654635,0.4595040092671907,2.351325220139939,4.240227956455328,7.2248478579778155,75,1,v2,final,full
62086441a395f4ee3ac106d5,0.5100946682669933,0.60150587581475,0.6229763279202802,0.7771570070753968,1.5664645013527851,2.4200064831272496,5.00334187450005,6.718278931210977,47,1,v2,final,full
82b738752b07c786c4894425,2.6651089235342265,3.110955365793334,3.3832063529278766,3.9514436659778505,1.2430912495531345,2.980789642222611,5.0811291047076566,6.784592820123854,85,1,v2,final,full
859d79d160a0c2d4e8dc6601,2.5169239601903555,2.8025377772626188,3.243551222618065,3.6959232939785127,0.04549219558432997,0.17374765228003397,0.37045459473070297,0.616727829985839,57,1,v2,final,full
9ab5a133445172da22cdf234,4.394503254767606,4.462579442759942,5.330973904522249,5.388801740220341,4.179785261358068,6.9822570969976425,12.00564034038929,16.478348134164975,139,1,v2,final,full
b673b62aef2e393a9a57da0e,0.2970274758391392,0.4519101859420978,0.33301171511742284,0.544419811838282,0.5186289289710574,1.6885286522016754,2.8664308059316483,4.582004554437574,38,1,v2,final,full
c46e2177e3eacda2490c068c,3.1668130143414026,3.8501026477773648,4.85820955384725,5.726668026111415,3.293780233230187,9.416470394888847,16.522606757907432,25.312760604750846,105,1,v2,final,full
ca4dac8cfc5968789e4daed3,0.17319152021983156,0.2155539204376371,0.27829417125401057,0.3458175838040471,0.07766378076936002,0.3057765654926236,0.6635654531359918,1.1572316980086952,16,1,v2,final,full
d08246fe29a5350bad6fe070,0.4065610467440388,0.4417800591369534,0.45088393056621257,0.6018182792443483,0.5646991133179804,1.5866103313715065,2.9515179016286117,4.5842221995953025,48,1,v2,final,full
d487644f50415a00aa395687,3.902657255335125,4.981402302664129,5.234894509674179,5.95112234057517,2.4177760302132714,5.705220595354319,9.761619960620365,14.376080420985474,280,1,v2,final,full
d5ce1d32b4865d2191b015f1,4.315451346970814,4.764285709978406,5.821888003034572,6.930344491790319,0.43852620242787804,2.028567667790693,4.3586941287810435,7.174311954420956,66,1,v2,final,full
e112ee6ab051b580ca051db0,5.457912082887949,6.265953211038894,7.30917764118282,8.511589189062144,0.5529824981280755,1.2254366068662172,2.5840946886180767,3.9434056077903312,26,1,v2,final,full
e515d6ddae9d300034e5a4c9,0.30718528676169427,0.48413557422551046,0.7467713766910616,1.071899835065077,0.20519880034118954,0.7928510969645441,1.730231033749028,2.8979184075692555,40,1,v2,final,full
f7a033fe121407c2e431a3fb,0.645966862691113,0.6811023777464014,0.7560505847451845,0.8130510680956958,0.3791779961593564,0.8664628823331801,1.4393614449220473,2.0712331194714397,76,1,v2,final,full
15264321f49364d0e409d25a,0.33358976601565404,0.44277652365417614,0.47488035000897455,0.6089079529257546,0.5377771898187154,2.0982318717008095,3.311484002130823,5.35822604890554,37,2,v2,final,full
2622b0d26b835ae6d2f9a6fb,1.7653953128024584,1.8225862054931792,1.9646062319152098,2.560512867837944,0.7189649448949741,1.9165574307599451,4.109391079482068,6.589934957912501,17,2,v2,final,full
30bf7f5ece6b66f593a62355,1.3624894448583353,1.3788569915533073,1.813523709397988,1.6332316430359106,1.0874878506250274,2.0846227033925815,3.5873461114565908,4.925522868342938,92,2,v2,final,full
5aa446cc0d519b3d1ff5dd59,1.1921842567186232,1.3563686514622748,1.6897933800460905,1.939756671034713,0.6371426055729775,1.8211711230833119,3.4512022075819893,5.393425754175976,69,2,v2,final,full
647300a9e7b5197e7d576b88,0.5700705050934215,0.8840656984743438,0.7012580320553289,1.1017469365332453,0.8013399099925556,2.5233231370229845,3.8656630406879615,6.353599415499931,27,2,v2,final,full
67133ff435a17a5ec17cf840,8.110638419497665,9.53310361311004,12.326266205328807,14.555847242100059,7.802065905266056,19.511803455940623,34.99411706406548,52.124771827761855,402,2,v2,final,full
74543bbafa57085358ce660c,0.42384127980476494,0.40229411280093896,0.4656442221905432,0.5094255110118108,0.11298249152604112,1.046275907111541,1.51452139298876,2.7167483411761353,47,2,v2,final,full
803097051326d15b37d1f0b5,0.23595309175370133,0.22000608626283735,0.253571668184187,0.2821548548178522,0.15286993931694484,0.9047350132288359,1.5863867158670388,2.7935084188371575,51,2,v2,final,full
83077d8cda843b1f8999b8ac,0.3049054927105842,0.3324237683342146,0.3852811144068689,0.45515255601062304,0.20163457716763952,1.0849303075128418,1.9680102733487257,3.4164744891512724,41,2,v2,final,full
8328cbb9a38d105805a841ae,0.2096909633184985,0.18883447404090298,0.22380267574446688,0.2297359596431022,0.42131156400284453,0.7318073198721934,1.4746774657327109,2.0237781142032523,18,2,v2,final,full
9e8600ee502cf8d652da2190,1.6561248393076253,2.068867149123697,2.5622303832336586,3.2906176469553325,0.8937622551010421,1.6276453024407511,3.3655305486093052,4.776732524387926,94,2,v2,final,full
a0c18740edcec6332b64efdb,2.748137297812533,2.696491878649988,3.199881917178085,3.5619711145498725,0.7832568062743415,2.733509277580453,5.077358350416796,8.312300605919843,146,2,v2,final,full
b2c3f126ac3f52bd93b9e24d,0.3155698798872509,0.3784814697094835,0.42456089413725584,0.48522453864477144,0.5084977946634864,1.0355641248698884,2.1818527182626384,3.2252595807773505,20,2,v2,final,full
c4ac2bcd854590b8597d2451,1.1146945222802824,1.414872686344601,1.4926711278683962,1.7071589213483254,0.4851093069194385,2.2073056060527976,3.1989176924384686,5.299002659519693,52,2,v2,final,full
c8dbc9db24ccf188b1047836,0.10988235677151355,0.11742240451893811,0.1302765066291878,0.14440711624018646,0.09130719531504973,0.33407500143967694,0.676049598365413,1.0841747267753796,20,2,v2,final,full
ca98723ea341f53a85c13939,4.679326108416835,4.024610799114133,4.5365454591519585,5.563156413449652,0.29086952910434194,1.0799814701349328,2.194837290557183,3.5501480586687517,93,2,v2,final,full
d500c1b5bce271717c00099b,0.8142265770494197,0.859538799486583,0.9091019976344772,1.0422399834872675,0.4978641233198223,1.2565435343531617,2.2044893255809535,3.192469488747089,84,2,v2,final,full
dad499d5efb83338dfca60ba,1.1298125053772312,0.9490945675912379,1.2832255401590782,1.1079824093577377,1.0604296210146862,1.3147431497443682,2.6484548176447493,3.1319393851212034,92,2,v2,final,full
e423c7d529287238e81079f0,0.517975977451024,0.7199410657868639,0.7046335135839054,0.8013123874512179,5.606508059716481e-05,5.60914812757299e-05,0.00011235571394359599,0.00011235571394359599,7,2,v2,final,full
ff626c988eb779cf4dc8622c,0.27839989753483135,0.38269708872768154,0.46805803082119324,0.5258509463601537,0.15756871565053743,0.6230838991973656,1.34138902040603,2.2401433693668937,39,2,v2,final,full
01d2b0bb70c756910f6fee6b,0.7750248299515717,0.7034013044617672,0.6998742242111776,0.7568295868812255,0.0927851674740863,0.3589442643143076,0.7321299789965972,1.2242940608770494,48,3,v2,final,full
2c3b38ff6f807a91e3cdd8a6,1.1483783776243555,1.435055702219965,1.5008441112001212,1.6444898508488155,0.10842481590311596,0.42307590245916815,0.8823499735620193,1.4878920674988088,34,3,v2,final,full
31ed08fae62e9a59ac4fbef2,1.2807839606212628,0.7231634530584086,1.3791351918873456,0.9632219083545706,0.8442486676089902,1.73862239440709,3.2974988272685635,4.808862865988199,34,3,v2,final,full
416653a55c8f38eadcdad8ef,0.29615373376605036,0.28877123289734796,0.3222314577195735,0.33418748495611367,0.07816363117654303,0.3058598784079537,0.6889467414729332,1.1889548717293368,86,3,v2,final,full
4270cf35bec82cd80b00a353,27.97840501477343,31.551145477193657,35.412961390366256,39.554545293154135,0.42406400934705946,1.840723696785338,3.9072047998537496,6.424024616153078,53,3,v2,final,full
519bb4fc6c5afbbeabc02746,1.0141872748119118,1.2565429242729567,1.3087537577787285,1.436675030168296,0.5111208359995935,1.0303965586546184,2.147634241656254,3.1068023621268903,44,3,v2,final,full
5cdaec7458bf61138cfd0ba2,0.49706417114501456,0.40485921510932305,0.46720358805494994,0.5184263198458839,0.30853510555753216,1.1520178337165752,2.36462937479594,3.7601634689731607,46,3,v2,final,full
78a7ee098a87947602e5aeea,0.6557469785837995,0.6652094969311138,0.5367505167923555,0.6044389223758664,0.4806890291574594,0.9406973670812832,1.948055183686777,2.830698109795415,36,3,v2,final,full
7919203741a99f9f867dca66,12.09997063974292,13.8937144097075,16.89174579613396,20.40687751899816,2.3194262462112234,7.438838788558945,14.088960045475181,22.464052231090836,332,3,v2,final,full
8f980b6456b392be5483af6a,1.2389070302395455,1.7490562761481268,1.3546170409749514,1.9462174871358429,0.7650232289115296,2.083421810193465,3.2864532830021034,4.976728138344207,84,3,v2,final,full
a56a50feb861136806a443c8,8.765086426368608,9.291801303962943,10.45731794766147,11.797514362583291,1.0827696830928768,3.0970295683672244,5.837518343730347,9.084720220370787,123,3,v2,final,full
afd3d75d64731a4a2971d0a2,0.9662174444910402,1.0253797198064787,1.0843773150795382,1.1782937751103044,0.5326614104574302,1.450843641939922,2.7355769742802365,4.287911948726057,54,3,v2,final,full
b3ea770ff7186b0683a0a797,0.3949544096249744,0.2808234395996017,0.368889632350912,0.34638015458087856,0.12037768293444516,1.0532061460880735,1.5538202111610675,2.7661789660472333,31,3,v2,final,full
bbed182eaae70a20eea68990,1.735148294912835,1.937702310430929,2.102118559489651,2.251903323818007,0.25109826520201295,0.9500859309440998,2.053598348876942,3.404240925203551,52,3,v2,final,full
bcf035a124c9342210d36adb,1.1683649408509589,1.4568944497287808,1.3399292157779232,1.615459810143372,1.1573452016575614,2.382069283861583,3.5928211265721743,5.405834784752311,92,3,v2,final,full
d9fa36aa7d2d425c4e774763,1.5366781727094625,1.51025919367161,1.8731991598574242,1.7520438012606347,0.7648921808160403,1.1342275211200472,1.9934693246395518,2.686829127243824,32,3,v2,final,full
de2c6c96d6cda1d2abc2c9f2,0.5132335115836635,0.35322054261148067,0.5299373788333944,0.47689734189151145,0.40348738755645824,0.9538964071037648,1.635369826459148,2.386217992715867,65,3,v2,final,full
e18f355b53e707053ace4031,0.7551028765359314,1.341737455516711,1.5577867188964212,2.1065693964024463,1.5481996660054589,2.055633818729494,4.654074020029577,6.030837906885751,25,3,v2,final,full
feb2503bff968376ea29adef,2.4955364058013227,2.928922974995928,3.237735606260932,3.8047953457499486,1.706141126882876,5.094787837488964,7.395333364586591,11.055912331555685,160,3,v2,final,full
1923e1bf3fc5c00a85a60ab3,0.495195937293191,0.39322496078151536,0.4225547158059484,0.48669880073729216,0.397660542213908,1.4303208629564188,2.979288398135501,4.865540155543377,104,4,v2,final,full
1e74fdb8aadc76905d6568db,0.23715203813525035,0.12128551520569149,0.17698325047445904,0.1957983344836355,0.059196342077745136,0.8662113697581327,1.1250727484893432,2.0857735338123082,17,4,v2,final,full
208d695526edfa0e1786c8b7,1.1255161854120992,1.059311400578666,1.4260725014406896,1.2455097932575199,0.43925038426518115,1.3960066890314349,2.207593941298582,3.4617332676125656,47,4,v2,final,full
32c0e5181af52a6e1e69eead,2.7023552441414673,2.6608658560974154,3.0304540264713626,3.24227185358943,1.0481137271436862,2.127455951898581,4.4281365860046495,6.408417077108009,79,4,v2,final,full
37565d359b277fad78dedfc1,8.21313847680888,8.360600069952612,10.317373626749658,11.38758528693816,2.199428808235006,4.809112098595728,9.192284917174513,13.166631734556143,95,4,v2,final,full
43b3bed3cf3786a0441bb030,19.474360380310024,20.600365978057415,23.586079006095922,27.278673644035102,0.4161220326948165,1.5709607862645596,3.2902902477473175,5.305330949284734,48,4,v2,final,full
70a85d0ee62de8cb910dff34,0.6413130438003051,0.4944719234561245,0.6539072635875496,0.6793564137151631,0.121799943470188,0.7881653926562228,1.3341561465924374,1.998329508591617,27,4,v2,final,full
712e212ed71e1d58c2469d27,6.328844890313158,7.295672368063708,9.418217436059967,11.718283870394774,4.6094289866800615,14.543429535423083,25.84134044492594,38.928060681771605,275,4,v2,final,full
98687d66d5e3ec415bc7769e,2.429193233051303,2.9022639409410886,3.2726961340357095,3.6627078424393344,1.4470320840941757,1.8812636623727768,3.1998686650117674,4.0713121149302935,96,4,v2,final,full
9a8bcc1c9caf8e173e52d899,0.22228748654531957,0.25825894015889644,0.3181347427274823,0.336387919086112,0.3733986828670482,0.5035713666572045,1.0225021020293519,1.2774137663412284,18,4,v2,final,full
b754e040a63becc56b04d5ae,0.48389752256436075,0.6834422844233319,0.8229139409990752,0.9969326987753797,0.44334775459807807,0.8047351116590239,1.9927290651842118,2.7352269791432438,49,4,v2,final,full
bb4473a9757ca16a9f02ce13,16.578767458071653,17.946567227238685,19.73381028652788,21.88816314274529,1.0143916955052277,2.7054931529670867,4.991582275731435,7.761191064338105,166,4,v2,final,full
d12771172f616e82494d2e01,1.082095167035474,1.2684137699229656,1.1640619102122298,1.3242271462781223,0.815413089957891,1.9399073788421153,3.322941171669802,4.94509883834707,71,4,v2,final,full
dc5e80c36850c234e8fb9522,1.3099896361807075,2.0193660523150454,2.4500923236060137,3.5229785014917256,0.6616705594775599,2.517244216611513,4.207700961575446,6.796169458419175,38,4,v2,final,full
e7ad0f6d986db7e46d5793dc,2.1138343010376617,2.1864989875865253,3.0340938537920654,2.957350208034614,1.2963929818434474,3.5047595528173905,5.784693248231328,8.03738585493282,78,4,v2,final,full
e93c606e41c81542f2771f32,1.5673915928657627,1.5406835243045143,2.0281624006862424,2.041844561813228,0.7719608604645483,1.737112310896361,2.8701716767570526,4.134289483297672,45,4,v2,final,full
e9ff40ea77c973f5568e80a7,0.7637319625908725,1.2554137001000933,1.062412043336733,1.5356966102333205,0.7640827461391706,1.41453551922102,2.6063418382542918,2.9954281616755862,48,4,v2,final,full
ea5cba16c2b375249fb0cdb1,0.4845630958106322,0.35757105828751495,0.5329795451098076,0.47932141645806353,0.44168948741008773,1.1198469178509762,1.9551060671077276,2.885456575223488,35,4,v2,final,full
f00cb7a36cfe26683f4940cd,0.586896242812273,0.748794850990903,0.7417798879620356,0.9063330723442248,0.5298770156924526,1.1329700010197366,2.359369448439011,3.495245870879151,42,4,v2,final,full
f091da94d826fc41dfd96523,0.6118890311831309,0.6903712717311259,0.7851394056107678,0.8198962280951181,0.453582021736586,1.147718169889263,2.005487348174057,3.038571417007496,60,4,v2,final,full
