site,num_episodes,num_windows,adjoint_rwm_rmse,dreamerv3_rssm_rmse,tdmpc2_rmse,dino_wm_rmse,vjepa2_ac_rmse,persistence_rmse,ridge_rmse
ILIAD,6,7168,0.659345733707033,1.0809566975242133,0.9659622814052103,0.830336731148277,0.8510433067420212,0.19937894939278814,0.09600303802485426
TRI,15,5467,0.21103424716818722,0.5218776117252054,0.3129263693037922,0.313254604651533,0.2964572608909023,0.22145669307412988,0.09642677072497333
AUTOLab,4,3584,0.1793601827611321,0.3872480940238341,0.27195552751685903,0.2981702355132952,0.24426545401737398,0.24298130215312774,0.09363153319850806
IRIS,5,3500,0.28083384136483636,0.5376147381609616,0.4727754193915621,0.397541277249789,0.3857823405823999,0.26399450323306684,0.14014933267136168
IPRL,6,2632,0.21545014744700383,0.5409749706837694,0.3517917338921769,0.3713761829364136,0.3274104594427348,0.20496433348767404,0.10249812714280924
RPL,1,1379,0.09117867140126037,0.2290102507103567,0.12198877204741618,0.15156675987342272,0.11653327858091458,0.13167935008089407,0.06708518610616901
PennPAL,3,1295,0.1922278307653053,0.28204817442063346,0.22087162402509533,0.2523826089381301,0.222065142968881,0.17081662597692746,0.13466260613064832
BVL,3,1281,0.11496043009582317,0.20695421924918259,0.146172033600004,0.15382099283500064,0.18556662889622666,0.1757602471162219,0.07675852954507924
RAD,1,1008,0.2005274551528364,0.7342596719878058,0.5267723484290324,0.400993972284927,0.3929785391726542,0.10888096776160404,0.0374782221095459
REAL,2,672,0.15966522486228718,0.25117818019956145,0.20536640820115507,0.22054380858445832,0.19903290298778853,0.2159790032676146,0.10767263378328058
WEIRD,1,560,0.16973865536659333,0.2522596914187457,0.20044670758775868,0.23265347240693846,0.23792409439181206,0.21422799965472117,0.10541608842334807
RAIL,3,532,0.1528162868156577,0.41395235987469575,0.2142838784427115,0.22419904590539724,0.20991026345536307,0.24637497425125238,0.11283604213262108
