arm,seed,h,rmse_norm
adjoint_rwm,0,1,0.13635603
adjoint_rwm,0,2,0.14312768
adjoint_rwm,0,3,0.16067712
adjoint_rwm,0,4,0.17779958
adjoint_rwm,1,1,0.13989788
adjoint_rwm,1,2,0.14514442
adjoint_rwm,1,3,0.1622564
adjoint_rwm,1,4,0.17885873
adjoint_rwm,2,1,0.14297582
adjoint_rwm,2,2,0.14841197
adjoint_rwm,2,3,0.16530083
adjoint_rwm,2,4,0.18086019
adjoint_rwm,3,1,0.13902645
adjoint_rwm,3,2,0.14478466
adjoint_rwm,3,3,0.16207923
adjoint_rwm,3,4,0.1792114
adjoint_rwm,4,1,0.13566418
adjoint_rwm,4,2,0.14298557
adjoint_rwm,4,3,0.16092856
adjoint_rwm,4,4,0.17794329
dino_wm,0,1,0.22048455
dino_wm,0,2,0.25440243
dino_wm,0,3,0.2802384
dino_wm,0,4,0.3028822
dino_wm,1,1,0.21782471
dino_wm,1,2,0.24860917
dino_wm,1,3,0.27458483
dino_wm,1,4,0.297135
dino_wm,2,1,0.209766
dino_wm,2,2,0.2510386
dino_wm,2,3,0.28361776
dino_wm,2,4,0.3087149
dino_wm,3,1,0.23191449
dino_wm,3,2,0.26593995
dino_wm,3,3,0.29455706
dino_wm,3,4,0.3201512
dino_wm,4,1,0.21307008
dino_wm,4,2,0.24252036
dino_wm,4,3,0.2710099
dino_wm,4,4,0.29415125
dreamerv3_rssm,0,1,0.35256353
dreamerv3_rssm,0,2,0.3533819
dreamerv3_rssm,0,3,0.35301363
dreamerv3_rssm,0,4,0.35395795
dreamerv3_rssm,1,1,0.36514494
dreamerv3_rssm,1,2,0.3664
dreamerv3_rssm,1,3,0.3673885
dreamerv3_rssm,1,4,0.36814657
dreamerv3_rssm,2,1,0.36351255
dreamerv3_rssm,2,2,0.3635475
dreamerv3_rssm,2,3,0.36444587
dreamerv3_rssm,2,4,0.3649084
dreamerv3_rssm,3,1,0.36508363
dreamerv3_rssm,3,2,0.36526138
dreamerv3_rssm,3,3,0.36600947
dreamerv3_rssm,3,4,0.36623806
dreamerv3_rssm,4,1,0.3572108
dreamerv3_rssm,4,2,0.35798824
dreamerv3_rssm,4,3,0.3581812
dreamerv3_rssm,4,4,0.35885715
persistence,0,1,0.119409405
persistence,0,2,0.19743727
persistence,0,3,0.26656199
persistence,0,4,0.32542902
persistence,1,1,0.119409405
persistence,1,2,0.19743727
persistence,1,3,0.26656199
persistence,1,4,0.32542902
persistence,2,1,0.119409405
persistence,2,2,0.19743727
persistence,2,3,0.26656199
persistence,2,4,0.32542902
persistence,3,1,0.119409405
persistence,3,2,0.19743727
persistence,3,3,0.26656199
persistence,3,4,0.32542902
persistence,4,1,0.119409405
persistence,4,2,0.19743727
persistence,4,3,0.26656199
persistence,4,4,0.32542902
ridge,0,1,0.07077504
ridge,0,2,0.09491497
ridge,0,3,0.1145249
ridge,0,4,0.14301042
ridge,1,1,0.07077504
ridge,1,2,0.09491497
ridge,1,3,0.1145249
ridge,1,4,0.14301042
ridge,2,1,0.07077504
ridge,2,2,0.09491497
ridge,2,3,0.1145249
ridge,2,4,0.14301042
ridge,3,1,0.07077504
ridge,3,2,0.09491497
ridge,3,3,0.1145249
ridge,3,4,0.14301042
ridge,4,1,0.07077504
ridge,4,2,0.09491497
ridge,4,3,0.1145249
ridge,4,4,0.14301042
tdmpc2,0,1,0.245616
tdmpc2,0,2,0.23229083
tdmpc2,0,3,0.23341018
tdmpc2,0,4,0.2376801
tdmpc2,1,1,0.25396523
tdmpc2,1,2,0.24194364
tdmpc2,1,3,0.24413884
tdmpc2,1,4,0.24925546
tdmpc2,2,1,0.25291833
tdmpc2,2,2,0.2417755
tdmpc2,2,3,0.24367963
tdmpc2,2,4,0.24804787
tdmpc2,3,1,0.25980154
tdmpc2,3,2,0.24412733
tdmpc2,3,3,0.24331853
tdmpc2,3,4,0.24566185
tdmpc2,4,1,0.25659585
tdmpc2,4,2,0.24334146
tdmpc2,4,3,0.24288093
tdmpc2,4,4,0.24630034
vjepa2_ac,0,1,0.22320879
vjepa2_ac,0,2,0.23972756
vjepa2_ac,0,3,0.25860214
vjepa2_ac,0,4,0.2754826
vjepa2_ac,1,1,0.21118213
vjepa2_ac,1,2,0.21682835
vjepa2_ac,1,3,0.23207164
vjepa2_ac,1,4,0.2479502
vjepa2_ac,2,1,0.20136453
vjepa2_ac,2,2,0.21169016
vjepa2_ac,2,3,0.2285741
vjepa2_ac,2,4,0.245786
vjepa2_ac,3,1,0.2289086
vjepa2_ac,3,2,0.24417427
vjepa2_ac,3,3,0.25914186
vjepa2_ac,3,4,0.2729633
vjepa2_ac,4,1,0.21678671
vjepa2_ac,4,2,0.22622162
vjepa2_ac,4,3,0.23463914
vjepa2_ac,4,4,0.24339911
