family,kind,theta_0.3,theta_0.5,theta_0.7,theta_0.85,theta_0.95,selected,selected_at_grid_edge
smooth,residual,1754.0818868031035,1056.9834436940246,789.7447277558715,586.6304861975257,511.18617388681525,0.95,True
smooth,goal_local,2033.1367624450318,1270.6847779909046,912.2124916669909,772.565931077163,655.4879181192002,0.95,True
smooth,adjoint,1829.1856478876439,1153.6039732609547,829.1919642945977,657.3872069627963,598.910725054392,0.95,True
sharp,residual,2753.575023277742,1798.3633746855737,1406.9862142675456,1178.9139214205063,1138.3397137753882,0.95,True
sharp,goal_local,3342.4813243659637,2143.6795551640935,1588.0692486554485,1400.441882189649,1288.8838372979847,0.95,True
sharp,adjoint,3662.6602971507873,2629.886153600083,2040.5688975907779,1576.2185951530396,1313.8474764518473,0.95,True
sharper,residual,76945.60277226276,16806.91993961736,7723.766541534011,6979.263990293734,6814.89185064898,0.95,True
sharper,goal_local,98319.42356320794,22257.196742218006,10032.690786319423,8469.782743970598,6591.789125751724,0.95,True
sharper,adjoint,167835.90470004923,42452.05888902174,12273.344971761606,11656.559637047529,10318.428752969718,0.95,True
