budget,adjoint,exact_tau_adjoint,goal_local,one_step_oracle,random,residual,uniform
0,0.0,0.0,0.0,0.0,0.0,0.0,0.0
1,0.30185924908274564,0.26835493095483953,0.3585787623198313,0.0,0.423560593419791,0.33471144876619485,0.4420276234307077
2,0.4253235545827597,0.3605414115003843,0.5048348040601519,0.006832179247210801,0.588423222013157,0.47904297271997487,0.5973127076887289
3,0.44835066695464953,0.3169861142624535,0.5686368339871396,0.001661938762766435,0.6600095472813748,0.546965272853924,0.7106295735158187
4,0.4283531985137229,0.3101102968426148,0.644927834866434,0.003090488533091462,0.7015177487524207,0.6759936809388669,0.8116954355056791
5,0.4132615887284767,0.30464533920253806,0.6502798565895138,0.002106005894987606,0.7574788023000734,0.6426790614633597,0.8600484274101305
6,0.3680782771601253,0.34388865687242,0.6370729991552291,0.001342513133472889,0.7892131037925163,0.6201258118163453,0.8948702176732413
7,0.36590258349196314,0.3345936493866407,0.640188305482187,0.0018897557793573494,0.8124852341170778,0.6496384690587936,0.9275409534797672
8,0.3746540913811065,0.3288983418163205,0.636172613313674,0.0015746572924922597,0.8089357275305821,0.6158671597464846,0.9581913324775834
9,0.35354421548980913,0.2986568626151774,0.5804954472599821,0.0018733132781858786,0.8310950100484786,0.5758466528716604,0.9498626095928144
10,0.36105286505636686,0.29497811594610085,0.5335154835998193,0.0025509456196823876,0.8123693504211227,0.5528285281429333,0.9162016236359825
11,0.3675460307830902,0.30398013693648374,0.5383396485050004,0.004410173112205179,0.8167502941188839,0.4809383137233998,0.890827834379985
12,0.3739557869546186,0.28390845391402764,0.5349020921861393,0.00597152173981777,0.7980559855259747,0.5157902933336466,0.7353948730622102
13,0.35401000396146315,0.2865804873871431,0.5153776500943246,0.008147656914838763,0.8090736086291997,0.46649939355257025,0.6732228679643009
14,0.3389974758133621,0.27431065529542464,0.525493177503162,0.008368680453882865,0.7967894306485278,0.47583854034855405,0.5739247944044821
15,0.31356472638246424,0.2686329673842784,0.5391078700683544,0.0027060828604444642,0.7881459309624843,0.43766668567104366,0.3723773150640564
16,0.29512795477828774,0.2563117952446407,0.523899305787189,0.005939486361169852,0.7824054323069178,0.4525981053540526,0.2614430309414581
17,0.2714541237734642,0.25149956194924245,0.53571418937517,0.004023060303459988,0.7815111084565022,0.4454742396750051,0.26903324629137254
18,0.2657480210974785,0.23209082870029288,0.5365911830351602,0.002968648297654544,0.7898785812565816,0.45808603851974294,0.27675460916342376
19,0.2528473909801879,0.22253893550718307,0.5183471175867589,0.0028957236733440986,0.7841710409194163,0.4318052645514666,0.27849976579128427
20,0.24254536926948198,0.20754233666967772,0.4928196761305779,0.003283704962789992,0.7498915014169776,0.4138167786391864,0.28219672311816657
21,0.22585887607395624,0.2057209880479289,0.4670771629069344,0.0026663693690251525,0.7452635436986735,0.3883051211617511,0.28039376237743624
22,0.21043488513484201,0.1960487052025143,0.4418131703760752,0.002473618694952835,0.7415587043250841,0.3847247791996502,0.28318264387272135
23,0.21011864409353784,0.19050693803527935,0.4278250927810985,0.0023900042291969056,0.7421406366493575,0.3172681233138074,0.2761594299973219
24,0.19972500431097623,0.1877657658586129,0.4115011208479918,0.0024923942465809035,0.7352144247990582,0.306181486964616,0.28481790939687684
25,0.18937799940526784,0.17877654909084567,0.3998311481372868,0.0026995498956815314,0.6995057993402333,0.2943507069716207,0.28604325481316106
26,0.18383012268491994,0.17242555958748385,0.3218258821735283,0.0026191313770726893,0.6766424370203123,0.2855107603232422,0.28615433499751547
27,0.17485039685003376,0.16520448190576428,0.31337705863180587,0.002849326792902406,0.6810598223024154,0.2747822724128693,0.28366316074930187
28,0.16496217111210817,0.1645577146268792,0.3139162546115679,0.0027548705278731996,0.6678839772831349,0.2559931234962728,0.2779257679313155
29,0.15720639920395263,0.1585289148728466,0.2992651980751824,0.002970718311911643,0.6700464769975768,0.2531024090608952,0.28246582448569557
30,0.14710754396762837,0.1494378613297544,0.2999285326660406,0.0030192131205004635,0.6724565714872022,0.22854455329215284,0.28299168487206067
31,0.1393615755850654,0.13956024977274045,0.29809808174271135,0.0029075834306038946,0.6687628067238325,0.22526672856111085,0.278347207681828
32,0.130211961200837,0.1314908569850325,0.2938687786836702,0.002779515503148672,0.6653657827341981,0.2172999656067761,0.2775636038205273
33,0.12147624946483898,0.12462677382870785,0.28650841409083344,0.002870816953966557,0.6648840683850423,0.2051314738934246,0.27619915981454
34,0.1151881436348207,0.11739761852053827,0.25323243582265204,0.0029399335140224796,0.6593754017543584,0.18975947580001906,0.26512990347963183
35,0.11209035882619509,0.11736695969662003,0.24634641042312483,0.0028319424547842333,0.6573278582875972,0.1758996930193394,0.26393226216051613
36,0.1096827861825207,0.11527051911214255,0.23844265467373582,0.0032534346064479885,0.6558765873595711,0.1677862418149538,0.25488709665914794
37,0.10641948402471167,0.10805434370628732,0.23860497062770625,0.002681249869312615,0.650258010307774,0.16737527762019977,0.24173934324970703
38,0.10746753368991337,0.11035002409014598,0.20676780096935637,0.0029223301851483887,0.6359331869494431,0.16332156533796152,0.25022168360973945
39,0.10951598237471397,0.1097540911395923,0.19750890902768806,0.0031387209963378813,0.6145636724251684,0.15610557979931844,0.24684496999803118
40,0.10752390736493363,0.10805290503374498,0.1760577554063313,0.0033167479233209424,0.6132276294487967,0.14646976973249826,0.23587193273068374
41,0.10536358644271766,0.10485354723230292,0.167526484784333,0.003440430357226274,0.6141284723715529,0.13614865737053028,0.21967733698190178
42,0.10213411660239777,0.10559384245506954,0.15550855146037468,0.003244325634808356,0.6103506731839582,0.1362853212541114,0.20265269218056317
43,0.10106170409300827,0.09974087517819547,0.14937286897420401,0.0034106053051130847,0.6028508560627343,0.13403974320459378,0.18390620075155345
44,0.09865541688784271,0.0959423604341725,0.14205132139317467,0.0034824035479791814,0.5858023402062289,0.1318241043248058,0.17507867927357373
45,0.0952711662082303,0.09309723260747102,0.1394978495103402,0.003234020266396141,0.5670190021167837,0.1289735069311667,0.15755757485705396
46,0.09044604481030812,0.08886310542531702,0.126784705373324,0.0031174377208502474,0.5508032191991198,0.12617378704918572,0.1136188706272008
47,0.08853248528936648,0.08493574107830479,0.12391605075204574,0.0029534183001648975,0.549163022434765,0.12398058292538013,0.09030708853571377
48,0.08391222014309839,0.0802462355071145,0.12413644285408953,0.002926763575568426,0.5483682946323001,0.12136986025123067,0.07776669991862772
