site,num_episodes,num_windows,adjoint_rwm_rmse,persistence_rmse,ridge_rmse
ILIAD,6,1024,0.4590254696961901,0.19937894939278814,0.11613136294238474
TRI,15,781,0.12913755925146841,0.22145669307412988,0.10039472536152429
AUTOLab,4,512,0.13550654223403216,0.24298130215312774,0.09852748783290177
IRIS,5,500,0.21141885380854994,0.26399450323306684,0.14868701355608724
IPRL,6,376,0.13323361525984675,0.20496433348767404,0.12315947040822095
RPL,1,197,0.07806493301675066,0.13167935008089407,0.06796508712310319
PennPAL,3,185,0.15341251908925854,0.17081662597692746,0.14165055425334266
BVL,3,183,0.08475667438155579,0.17576024711622187,0.07781499305288474
RAD,1,144,0.12723935420503651,0.10888096776160404,0.053674699448133294
REAL,2,96,0.12250985755812563,0.21597900326761457,0.1122121335659902
WEIRD,1,80,0.12091157893621483,0.2142279996547212,0.10755014959305795
RAIL,3,76,0.12308602435229238,0.24637497425125235,0.11573917799999217
