arm,seed,split,condition,rmse_norm,rmse_norm_h1,rmse_norm_h2,rmse_norm_h3,rmse_norm_h4,rmse_native,rmse_native_cartesian_position,rmse_native_gripper_position,rmse_native_joint_positions,visual_cos,cover_1sigma,cover_2sigma,num_windows,num_episodes
adjoint_rwm,0,test,actions_shuffled,1.0096614086094635,0.7997449519573333,0.9891554559537569,1.0913730682619704,1.1583721582647932,0.8287994010313288,1.169760685322212,0.4116676630955907,0.420090025782579,0.7753572759261068,0.11243035972212666,0.1919277460623151,4154,50
adjoint_rwm,0,test,nominal,0.2621320618510242,0.2324816825939567,0.24881237559332892,0.27213583724886525,0.2950983519679461,0.25344091966433063,0.3430118460116427,0.0430366670446288,0.16522115440791943,0.7788969335957749,0.7176387647018364,0.912124286402091,4154,50
adjoint_rwm,1,test,actions_shuffled,1.015435542754381,0.806034698902788,0.9948872073553682,1.0968108592675874,1.1640094054917804,0.8317517926062269,1.1730208672914664,0.407158612980939,0.42462959846378795,0.7749867291544175,0.11522886718481323,0.19564619299814293,4154,50
adjoint_rwm,1,test,nominal,0.25514999245511766,0.22695575080207953,0.24209035868719211,0.2645239788228664,0.2870298815083327,0.2527528334235398,0.3461913761251543,0.04395872987058125,0.15713985142088666,0.77805370752419,0.7228359928468259,0.9205413027030747,4154,50
persistence,0,test,nominal,0.20207267250559946,0.10512961745817413,0.18051806756944883,0.23303953353236415,0.2896034714624108,0.346883051452054,0.5233546379511821,0.1121561022013092,0.06213883770724009,,,,4154,50
persistence,1,test,nominal,0.20207267250559946,0.10512961745817413,0.18051806756944883,0.23303953353236415,0.2896034714624108,0.346883051452054,0.5233546379511821,0.1121561022013092,0.06213883770724009,,,,4154,50
ridge,0,test,actions_shuffled,0.9067595167197495,0.4289012714756613,0.8486813106703732,1.1299481999485697,1.2195072847843937,0.8725316685504341,1.2929337968388428,0.3602822630409148,0.25609239313717713,,,,4154,50
ridge,0,test,nominal,0.11020845944218163,0.07801076320840016,0.10101139598452039,0.12113388849663555,0.14067779007917047,0.21026666387730225,0.318131697963866,0.02578298729374113,0.03598827660332106,,,,4154,50
ridge,1,test,actions_shuffled,0.9067595167197495,0.4289012714756613,0.8486813106703732,1.1299481999485697,1.2195072847843937,0.8725316685504341,1.2929337968388428,0.3602822630409148,0.25609239313717713,,,,4154,50
ridge,1,test,nominal,0.11020845944218163,0.07801076320840016,0.10101139598452039,0.12113388849663555,0.14067779007917047,0.21026666387730225,0.318131697963866,0.02578298729374113,0.03598827660332106,,,,4154,50
