id,kind,domains,name,provider,asset_scope,licence_as_read,permissive,conditions,verification,evidence_urls,gaps,probe,verdict,notes
quality,dataset,D2,QuALITY v1.0.1 (long-input multiple-choice QA),NYU MLL,articles and annotations; data zip is in the repo,"No licence file in the repo. Each article carries its own `license` field: Project Gutenberg licence, an OANC licence URL, or CC BY 4.0 (counts per split in probe `quality`).",conditions,"Annotation licence (questions, options, labels) is not stated anywhere read; OANC licence text unread; Project Gutenberg trademark terms.",primary_text_read,https://raw.githubusercontent.com/nyu-mll/quality/HEAD/README.md https://raw.githubusercontent.com/nyu-mll/quality/HEAD/data/v1.0.1/QuALITY.v1.0.1.zip https://huggingface.co/api/datasets/tasksource/QuALITY,Annotation licence unstated in the repo; the third-party Hugging Face mirror tasksource/QuALITY states none either.,quality,adopt_with_conditions,Article licences are read from the data itself. Ask the authors (or read the HF card) about the annotations before publishing derived data.
hotpotqa,dataset,D2,HotpotQA,"HotpotQA authors (CMU, Stanford, Mila)",dataset; code separately,README section License (GitHub): the dataset is CC BY-SA 4.0 and the code Apache 2.0. The Hugging Face card (official org) declares cc-by-sa-4.0 and repeats it in Licensing Information.,conditions,Share-alike: adapted data must be shared under the same licence.,owner_statement_read,https://raw.githubusercontent.com/hotpotqa/hotpot/HEAD/README.md https://raw.githubusercontent.com/hotpotqa/hotpot/HEAD/LICENSE.txt https://huggingface.co/api/datasets/hotpotqa/hotpot_qa https://huggingface.co/datasets/hotpotqa/hotpot_qa/raw/main/README.md,Underlying Wikipedia text terms unread.,hf_hotpotqa,adopt_with_conditions,
musique,dataset,D2,MuSiQue (multi-hop QA over paragraphs),StonyBrookNLP,dataset,README: MuSiQue is distributed under a CC BY 4.0 License; the repo LICENSE file is CC BY 4.0.,yes,,owner_statement_read,https://raw.githubusercontent.com/StonyBrookNLP/musique/HEAD/README.md https://raw.githubusercontent.com/StonyBrookNLP/musique/HEAD/LICENSE,"Upstream source datasets are not reconciled by the owner statement; the data files are hosted off GitHub. Structure was probed on a third-party Hugging Face mirror (dgslibisey/MuSiQue), whose card states no licence.",hf_musique_mirror,adopt,"Paragraph-set contexts make exhaustive keep/drop oracles feasible, which suits D2 rung 0. Fit is not measured here."
triviaqa,dataset,D2,TriviaQA,Joshi et al.,code and data per the README,"GitHub README: the Apache 2.0 License applies to both the code and the data. Hugging Face card: license 'unknown', and 'The University of Washington does not own the copyright of the questions and documents included in TriviaQA.'",unknown,,owner_statement_read,https://raw.githubusercontent.com/mandarjoshi90/triviaqa/HEAD/README.md https://raw.githubusercontent.com/mandarjoshi90/triviaqa/HEAD/LICENSE https://huggingface.co/api/datasets/mandarjoshi/trivia_qa https://huggingface.co/datasets/mandarjoshi/trivia_qa/raw/main/README.md,Copyright of the questions and documents is disclaimed by the dataset owner and their terms are unread.,,unverified,
narrativeqa,dataset,D2,NarrativeQA,DeepMind,"repository (summaries, links to stories, questions)","Hugging Face card (deepmind): the dataset is released under Apache-2.0 (Licensing Information; metadata apache-2.0). The card says stories and movie scripts were downloaded from Project Gutenberg and script repositories, mainly imsdb.",conditions,Movie scripts come from script repositories (mainly imsdb); the Apache-2.0 statement does not address their copyright.,owner_statement_read,https://raw.githubusercontent.com/google-deepmind/narrativeqa/HEAD/README.md https://raw.githubusercontent.com/google-deepmind/narrativeqa/HEAD/LICENSE https://huggingface.co/api/datasets/deepmind/narrativeqa https://huggingface.co/datasets/deepmind/narrativeqa/raw/main/README.md,Terms of the script sites and of the Wikipedia summaries unread.,,adopt_with_conditions,
longbench,benchmark,D2,LongBench,THUDM,code,"GitHub LICENSE is MIT (code). The Hugging Face card (zai-org/LongBench, redirected from THUDM/LongBench) states no licence in its metadata or text.",unknown,,code_only_read,https://raw.githubusercontent.com/THUDM/LongBench/HEAD/README.md https://raw.githubusercontent.com/THUDM/LongBench/HEAD/LICENSE https://huggingface.co/api/datasets/THUDM/LongBench https://huggingface.co/datasets/THUDM/LongBench/raw/main/README.md,No data licence stated by the owner; the data aggregates existing datasets.,,unverified,
ruler,benchmark,D2,RULER,NVIDIA,code (task generator),Repo LICENSE is Apache 2.0. The README has no licence statement about generated data or its inputs.,unknown,,code_only_read,https://raw.githubusercontent.com/NVIDIA/RULER/HEAD/README.md https://raw.githubusercontent.com/NVIDIA/RULER/HEAD/LICENSE,Licences of the source texts the generator uses are unread.,,unverified,
twowikimultihop,dataset,D2,2WikiMultihopQA,Alab-NII,code,Repo LICENSE is Apache 2.0. The README has no data-licence statement.,unknown,,code_only_read,https://raw.githubusercontent.com/Alab-NII/2wikimultihop/HEAD/README.md https://raw.githubusercontent.com/Alab-NII/2wikimultihop/HEAD/LICENSE,Data licence unread.,,unverified,
qasper,dataset,D2,Qasper (QA over scientific papers),Allen AI,baseline code,Hugging Face card (allenai): license cc-by-4.0 in the metadata and in its Licensing Information section. The GitHub baseline repo is Apache 2.0 (code only).,yes,,owner_statement_read,https://raw.githubusercontent.com/allenai/qasper-led-baseline/HEAD/LICENSE https://huggingface.co/api/datasets/allenai/qasper https://huggingface.co/datasets/allenai/qasper/raw/main/README.md,The card's source-data sections say 'More Information Needed'; the terms of the underlying papers are unread.,hf_qasper,adopt,
qwen3,model,D2,Qwen3 / Qwen2.5 family,Qwen team (Alibaba),open-weight checkpoints (per the README),README section License Agreement: 'All our open-weight models are licensed under Apache 2.0. You can find the license files in the respective Hugging Face repositories.',yes,Read the chosen checkpoint's own licence file before the first run (operator brief).,owner_statement_read,https://raw.githubusercontent.com/QwenLM/Qwen3/HEAD/README.md,Checkpoint licence files on Hugging Face unread; L4 BF16 fit unchecked.,,adopt_with_conditions,
granite,model,D2,IBM Granite 3.0 language models,IBM,open-weight checkpoints (per the README),README section License: all Granite 3.0 Language Models are distributed under Apache 2.0.,yes,Read the chosen checkpoint's own licence file before the first run.,owner_statement_read,https://raw.githubusercontent.com/ibm-granite/granite-3.0-language-models/HEAD/README.md https://raw.githubusercontent.com/ibm-granite/granite-3.0-language-models/HEAD/LICENSE,Checkpoint licence files on Hugging Face unread.,,adopt_with_conditions,
llama3,model,D2,Llama 3.1 / 3.2,Meta,model weights and Llama Materials,Llama 3.1 Community Licence Agreement (custom): redistribution requires a copy of the agreement and 'Built with Llama' attribution; use must follow the Acceptable Use Policy; a licence must be requested above 700 million monthly active users; the licence terminates if you sue Meta alleging that the Llama Materials or their outputs infringe your rights.,conditions,"Attribution, AUP, MAU clause, litigation-termination clause; not an OSI-style licence.",primary_text_read,https://raw.githubusercontent.com/meta-llama/llama-models/HEAD/models/llama3_1/LICENSE https://raw.githubusercontent.com/meta-llama/llama-models/HEAD/models/llama3_2/LICENSE,Llama 3.2 text was fetched and hashed but not compared clause by clause with 3.1.,,adopt_with_conditions,Not permissive by the project's definition; use only if no Apache-2.0 or MIT model suffices.
mistral,model,D2,Mistral models (mistral-inference README),Mistral AI,library code; weights per checkpoint,Library is Apache 2.0. The README lists some weights under custom non-commercial licences (Codestral: MNPL; Mistral Large: MRL).,unknown,Check each checkpoint.,owner_statement_read,https://raw.githubusercontent.com/mistralai/mistral-inference/HEAD/README.md https://raw.githubusercontent.com/mistralai/mistral-inference/HEAD/LICENSE,Licences of the smaller general-purpose checkpoints unread.,,unverified,
olmo,model,D2,OLMo,Allen AI,code,Repo LICENSE is Apache 2.0. Weight and training-data licences are not in the README.,unknown,,code_only_read,https://raw.githubusercontent.com/allenai/OLMo/HEAD/README.md https://raw.githubusercontent.com/allenai/OLMo/HEAD/LICENSE,Weights and data licences unread.,,unverified,
gemma,model,D2,Gemma,Google DeepMind,code,Repo LICENSE is Apache 2.0. The README states no weights licence.,unknown,,code_only_read,https://raw.githubusercontent.com/google-deepmind/gemma/HEAD/README.md https://raw.githubusercontent.com/google-deepmind/gemma/HEAD/LICENSE,Weights terms unread.,,unverified,
phi,model,D2,Phi (PhiCookBook),Microsoft,cookbook code,Repo LICENSE is MIT (the cookbook). It does not cover the weights.,unknown,,code_only_read,https://raw.githubusercontent.com/microsoft/PhiCookBook/HEAD/README.md https://raw.githubusercontent.com/microsoft/PhiCookBook/HEAD/LICENSE,Weights licence unread.,,unverified,
smollm,model,D2,SmolLM,Hugging Face,code,Repo LICENSE is Apache 2.0. The README states no weights licence.,unknown,,code_only_read,https://raw.githubusercontent.com/huggingface/smollm/HEAD/README.md https://raw.githubusercontent.com/huggingface/smollm/HEAD/LICENSE,Weights licence unread.,,unverified,
ett,dataset,D1,ETT (electricity transformer temperature),Zhou et al. (Informer),repository including the data files,Repo LICENSE is Creative Commons Attribution-NoDerivatives 4.0 International.,conditions,"NoDerivatives: adapted data may not be shared. Use as is, keep data out of git (already the rule), cite the Informer paper.",primary_text_read,https://raw.githubusercontent.com/zhouhaoyi/ETDataset/HEAD/LICENSE https://raw.githubusercontent.com/zhouhaoyi/ETDataset/HEAD/README.md,Underlying data provenance is not described in the README.,ett,adopt_with_conditions,
nab,dataset,D1,Numenta Anomaly Benchmark,Numenta,repository including the data files,"LICENSE.txt is the MIT licence, Copyright 2014-2024 Numenta Inc.",yes,,primary_text_read,https://raw.githubusercontent.com/numenta/NAB/HEAD/LICENSE.txt https://raw.githubusercontent.com/numenta/NAB/HEAD/README.md,Terms of the individual source series are not stated in the README.,nab nab_labels,adopt,"Mostly univariate, so a weak fit for a channel-by-time hierarchy (see the survey note)."
smd,dataset,D1,Server Machine Dataset (SMD),NetManAIOps (OmniAnomaly),repository including the data files,"LICENSE is the MIT licence, Copyright (c) 2021 NetManAIOps-OmniAnomaly.",yes,,primary_text_read,https://raw.githubusercontent.com/NetManAIOps/OmniAnomaly/HEAD/LICENSE https://raw.githubusercontent.com/NetManAIOps/OmniAnomaly/HEAD/README.md,The README does not state where the server metrics come from or that the licence covers the data.,smd smd_labels,adopt,
skab,dataset,D1,SKAB (Skoltech anomaly benchmark),waico,repository including the data files,Repo LICENSE is GNU GPL v3. The README states no separate data licence.,conditions,Copyleft; how it applies to data and to derived artefacts is unclear.,primary_text_read,https://raw.githubusercontent.com/waico/SKAB/HEAD/LICENSE https://raw.githubusercontent.com/waico/SKAB/HEAD/README.md,Kaggle mirror terms unread.,skab,adopt_with_conditions,
smap_msl,dataset,D1,SMAP and MSL telemetry (telemanom),NASA JPL,code,"telemanom is Apache 2.0 (README, LICENSE.txt). The Kaggle dataset page it points to lists the licence as 'Data files © Original Authors', which is not a licence.",unknown,,owner_statement_read,https://raw.githubusercontent.com/khundman/telemanom/HEAD/README.md https://raw.githubusercontent.com/khundman/telemanom/HEAD/LICENSE.txt https://www.kaggle.com/datasets/patrickfleith/nasa-anomaly-detection-dataset-smap-msl,No usable licence for the data; NASA source terms unread.,,unverified,
tsb_uad,benchmark,D1,TSB-UAD,TheDatumOrg,curation code,Repo LICENSE is Apache 2.0. Its datasets are collected from other sources.,unknown,,code_only_read,https://raw.githubusercontent.com/TheDatumOrg/TSB-UAD/HEAD/README.md https://raw.githubusercontent.com/TheDatumOrg/TSB-UAD/HEAD/LICENSE,Per-dataset licences unread.,,unverified,
tsb_ad,benchmark,D1,TSB-AD,TheDatumOrg,curation code,"README disclaimer: the datasets are released for reproducibility, the preprocessing and curation are Apache 2.0, and users should refer to the original data sources.",unknown,,owner_statement_read,https://raw.githubusercontent.com/TheDatumOrg/TSB-AD/HEAD/README.md https://raw.githubusercontent.com/TheDatumOrg/TSB-AD/HEAD/LICENSE,Original sources' licences unread.,,unverified,
ltsf_multivariate,dataset,D1,"Multivariate time-series data (electricity, traffic, solar, exchange rate)",laiguokun,repository,No licence file and no licence statement in the README.,no,No licence stated: all rights reserved by default.,no_licence_found,https://raw.githubusercontent.com/laiguokun/multivariate-time-series-data/HEAD/README.md https://raw.githubusercontent.com/laiguokun/multivariate-time-series-data/HEAD/LICENSE https://raw.githubusercontent.com/laiguokun/multivariate-time-series-data/HEAD/LICENSE.md https://raw.githubusercontent.com/laiguokun/multivariate-time-series-data/HEAD/LICENSE.txt,Original sources (not named in the README) unread.,,avoid,
swebench,benchmark,D3,SWE-bench,Princeton NLP,code,GitHub LICENSE is MIT (code). The Hugging Face cards state no licence. Census of the 12 repositories behind the 500 SWE-bench Verified instances: probe swebench_repos.,unknown,,code_only_read,https://raw.githubusercontent.com/SWE-bench/SWE-bench/HEAD/README.md https://raw.githubusercontent.com/SWE-bench/SWE-bench/HEAD/LICENSE https://huggingface.co/api/datasets/princeton-nlp/SWE-bench_Verified https://huggingface.co/datasets/princeton-nlp/SWE-bench/raw/main/README.md,No licence stated for the dataset itself; issue texts are user-contributed with no stated licence; pylint (10 instances) is GPL.,hf_swebench swebench_repos,unverified,
repobench,benchmark,D3,RepoBench,Leolty,repository,GitHub repo LICENSE is CC BY 4.0. The Hugging Face card metadata says license 'cc' without a version or variant.,unknown,,owner_statement_read,https://raw.githubusercontent.com/Leolty/repobench/HEAD/README.md https://raw.githubusercontent.com/Leolty/repobench/HEAD/LICENSE https://huggingface.co/api/datasets/tianyang/repobench_python_v1.1 https://huggingface.co/datasets/tianyang/repobench_python_v1.1/raw/main/README.md,Which Creative Commons licence the data carries is not stated; the data is third-party source code whose licences are unread.,hf_repobench,unverified,
cceval,benchmark,D3,CrossCodeEval,Amazon Science,repository with data and inference code,README section License: this project is licensed under the Apache-2.0 License. The repo holds the data and the inference code.,conditions,The data is third-party source code; upstream licences are unread. Raw data is available on request only.,owner_statement_read,https://raw.githubusercontent.com/amazon-science/cceval/HEAD/README.md https://raw.githubusercontent.com/amazon-science/cceval/HEAD/LICENSE,Upstream repository licences unread.,,adopt_with_conditions,
codesearchnet,dataset,D3,CodeSearchNet,GitHub,code and docs; data is open-source libraries,Code and documentation are MIT. README section Licenses: the licences of the source code used as data are provided per file in `_licenses.pkl` with each data download.,conditions,Mixed per-file licences; filter with `_licenses.pkl` before use.,owner_statement_read,https://raw.githubusercontent.com/github/CodeSearchNet/HEAD/README.md https://raw.githubusercontent.com/github/CodeSearchNet/HEAD/LICENSE,The `_licenses.pkl` files (in large S3 archives) unread.,,adopt_with_conditions,
codexglue,benchmark,D3,CodeXGLUE,Microsoft,code and datasets,README section LICENSE: the code follows the MIT License and the datasets follow the Computational Use of Data Agreement (C-UDA).,unknown,,owner_statement_read,https://raw.githubusercontent.com/microsoft/CodeXGLUE/HEAD/README.md https://raw.githubusercontent.com/microsoft/CodeXGLUE/HEAD/LICENSE,C-UDA text unread.,,unverified,
repoqa,benchmark,D3,RepoQA,EvalPlus,code,Repo LICENSE is Apache 2.0.,unknown,,code_only_read,https://raw.githubusercontent.com/evalplus/repoqa/HEAD/LICENSE,Licence of the repositories the tasks are built from unread.,,unverified,
job,benchmark,D3alt,Join Order Benchmark (JOB),gregrahn,queries; data is the IMDB data set,"No licence file in the JOB repo. Its README defers to the IMDB data page, which says subsets are available 'for personal and non-commercial use'.",no,Non-commercial use only (IMDb terms).,owner_statement_read,https://raw.githubusercontent.com/gregrahn/join-order-benchmark/HEAD/README.md https://developer.imdb.com/non-commercial-datasets/,IMDb conditions of use page not read.,,avoid,
dsb,benchmark,D3alt,DSB,Microsoft,generator and query templates,Repo LICENSE is MIT. The README says DSB is adapted from TPC-DS and is not comparable to published TPC-DS results.,unknown,,code_only_read,https://raw.githubusercontent.com/microsoft/dsb/HEAD/README.md https://raw.githubusercontent.com/microsoft/dsb/HEAD/LICENSE,TPC-DS licence terms unread (host blocked).,,unverified,
stats_ceb,benchmark,D3alt,STATS-CEB,Nathaniel-Han,repository,No licence file. The README mentions 'licence issues' only for some tuned baseline code.,no,No licence stated: all rights reserved by default.,no_licence_found,https://raw.githubusercontent.com/Nathaniel-Han/End-to-End-CardEst-Benchmark/HEAD/README.md https://raw.githubusercontent.com/Nathaniel-Han/End-to-End-CardEst-Benchmark/HEAD/LICENSE https://raw.githubusercontent.com/Nathaniel-Han/End-to-End-CardEst-Benchmark/HEAD/LICENSE.md https://raw.githubusercontent.com/Nathaniel-Han/End-to-End-CardEst-Benchmark/HEAD/LICENSE.txt,Source data licence unread.,,avoid,
google_cluster_data,dataset,T2-cloud,Google cluster-usage traces,Google,the traces,README section License: the traces are released under CC-BY (4.0); downloading or using them means agreeing to that licence.,yes,,owner_statement_read,https://raw.githubusercontent.com/google/cluster-data/HEAD/README.md,Trace files (Google Cloud Storage) not fetched; the sandbox cannot list them.,,adopt,
azure_public_dataset,dataset,T2-cloud,Azure Public Dataset (VM and function traces),Microsoft Azure,repository,"Repo LICENSE is CC BY 4.0. The README has no statement that it covers the trace files, which are hosted on Azure storage.",unknown,,code_only_read,https://raw.githubusercontent.com/Azure/AzurePublicDataset/HEAD/README.md https://raw.githubusercontent.com/Azure/AzurePublicDataset/HEAD/LICENSE,Dataset-level licence statement unread.,,unverified,
alibaba_clusterdata,dataset,T2-cloud,Alibaba cluster traces,Alibaba,repository,No licence file. README: 'We encourage anyone to use the traces for study or research purposes.',no,"A research-use encouragement, not a licence.",no_licence_found,https://raw.githubusercontent.com/alibaba/clusterdata/HEAD/README.md https://raw.githubusercontent.com/alibaba/clusterdata/HEAD/LICENSE https://raw.githubusercontent.com/alibaba/clusterdata/HEAD/LICENSE.md https://raw.githubusercontent.com/alibaba/clusterdata/HEAD/LICENSE.txt,,,avoid,
beir,benchmark,T2-ranking,BEIR,beir-cellar,code; datasets are third-party,"Repo LICENSE is Apache 2.0. README Disclaimer: the datasets are only redistributed in a format, and the maintainers do not claim you have a licence to use them; each dataset's own licence applies.",unknown,,owner_statement_read,https://raw.githubusercontent.com/beir-cellar/beir/HEAD/README.md https://raw.githubusercontent.com/beir-cellar/beir/HEAD/LICENSE,Per-dataset licences unread.,,unverified,
msmarco,dataset,T2-ranking,MS MARCO passage ranking,Microsoft,repository code,Repo LICENSE is MIT. README: downloading the data requires agreeing to the Terms and Conditions on msmarco.org.,unknown,,code_only_read,https://raw.githubusercontent.com/microsoft/MSMARCO-Passage-Ranking/HEAD/README.md https://raw.githubusercontent.com/microsoft/MSMARCO-Passage-Ranking/HEAD/LICENSE,Data terms unread (host blocked).,,unverified,
hf_qwen3_8b,model,D2,Qwen/Qwen3-8B (checkpoint),Qwen team (Alibaba),weights of this checkpoint,Hugging Face card: license apache-2.0; the repository holds a LICENSE file (fetched).,yes,,primary_text_read,https://huggingface.co/api/models/Qwen/Qwen3-8B https://huggingface.co/Qwen/Qwen3-8B/raw/main/LICENSE,"Training-data terms unread; L4 fit is computed from the parameter count, not measured.",,adopt,Model id resolved through the HF API.
hf_olmo2_7b,model,D2,allenai/OLMo-2-1124-7B (checkpoint),Allen AI,weights of this checkpoint,Hugging Face card: license apache-2.0 (card metadata; no LICENSE file in the repository listing).,yes,,owner_statement_read,https://huggingface.co/api/models/allenai/OLMo-2-1124-7B,The card metadata is the owner's declaration; no licence file was read. Training-data terms unread.,,adopt,Model id resolved through the HF API.
hf_phi4_mini,model,D2,microsoft/Phi-4-mini-instruct (checkpoint),Microsoft,weights of this checkpoint,Hugging Face card: license mit; the repository holds a LICENSE file (fetched).,yes,,primary_text_read,https://huggingface.co/api/models/microsoft/Phi-4-mini-instruct https://huggingface.co/microsoft/Phi-4-mini-instruct/raw/main/LICENSE,Training-data terms unread.,,adopt,Model id resolved through the HF API.
hf_smollm3_3b,model,D2,HuggingFaceTB/SmolLM3-3B (checkpoint),Hugging Face,weights of this checkpoint,Hugging Face card: license apache-2.0 (card metadata; no LICENSE file in the repository listing).,yes,,owner_statement_read,https://huggingface.co/api/models/HuggingFaceTB/SmolLM3-3B,The card metadata is the owner's declaration; no licence file was read. Training-data terms unread.,,adopt,Model id resolved through the HF API.
hf_mistral_7b_v03,model,D2,mistralai/Mistral-7B-v0.3 (checkpoint),Mistral AI,weights of this checkpoint,Hugging Face card: license apache-2.0 (card metadata; no LICENSE file in the repository listing).,yes,,owner_statement_read,https://huggingface.co/api/models/mistralai/Mistral-7B-v0.3,The card metadata is the owner's declaration; no licence file was read. Training-data terms unread.,,adopt,Model id resolved through the HF API.
hf_gemma3_4b,model,D2,google/gemma-3-4b-it (checkpoint),Google,weights of this checkpoint,"Hugging Face card: license gemma (custom), gated with manual approval. The Gemma Terms of Use page was read: distribution requires including the use restrictions and the Prohibited Use Policy in downstream terms, a copy of the agreement, prominent modification notices and a Notice file; Google claims no rights in outputs.",conditions,Custom terms with a prohibited-use policy that must flow down to redistributed weights and derivatives; manual access approval.,primary_text_read,https://huggingface.co/api/models/google/gemma-3-4b-it https://ai.google.dev/gemma/terms,The Prohibited Use Policy page itself was not read.,,adopt_with_conditions,Model id resolved through the HF API. Not permissive by the project's definition.
hf_longbench,dataset,D2,zai-org/LongBench (dataset card),Hugging Face,,Hugging Face card states no licence in its metadata or text.,no,No licence stated: all rights reserved by default.,no_licence_found,https://huggingface.co/api/datasets/THUDM/LongBench https://huggingface.co/datasets/zai-org/LongBench/raw/main/README.md https://huggingface.co/datasets/zai-org/LongBench/raw/main/LICENSE,The data aggregates existing datasets with their own licences.,,avoid,THUDM/LongBench redirects to zai-org/LongBench.
hf_swebench,dataset,D3,princeton-nlp/SWE-bench (dataset card),Hugging Face,,Hugging Face card states no licence in its metadata or text.,unknown,,owner_statement_read,https://huggingface.co/api/datasets/princeton-nlp/SWE-bench https://huggingface.co/datasets/princeton-nlp/SWE-bench/raw/main/README.md,No dataset licence stated by the owner.,,unverified,Dataset id from memory; confirm.
hf_the_stack_v2,dataset,D3,bigcode/the-stack-v2 dataset card,Hugging Face,,"Hugging Face metadata: license 'other', gated (automatic acceptance of terms). The card text is not readable without accepting the terms; the repository lists license_stats.csv.",unknown,,owner_statement_read,https://huggingface.co/api/datasets/bigcode/the-stack-v2,Terms of use text unread (gated). Per-file licence counts need access.,,unverified,Dataset id from memory; confirm. Expected to be gated.
uci_electricity,dataset,D1,UCI ElectricityLoadDiagrams20112014,UCI ML Repository,,UCI dataset page: 'This dataset is licensed under a Creative Commons Attribution 4.0 International (CC BY 4.0) license.',yes,,owner_statement_read,https://archive.ics.uci.edu/dataset/321/electricityloaddiagrams20112014,The UCI API answer carries no licence field; the statement is the page's. Data files not fetched (large archive).,,adopt,Dataset id resolved through the UCI API search.
monash_tsf,dataset,D1,Monash time series forecasting archive,Zenodo,,Zenodo records whose creator is Godahewa (the archive's author): the licence of every record returned is counted in evidence.jsonl (json_licences).,yes,,owner_statement_read,https://zenodo.org/api/records?q=creators.name:Godahewa&size=25&page=1 https://zenodo.org/api/records?q=creators.name:Godahewa&size=25&page=2 https://zenodo.org/api/records?q=creators.name:Godahewa&size=25&page=3,One of the 66 records returned has no licence value; the creator search may include records outside the archive; the archive's own listing and each dataset's original source terms were not read.,,adopt,Each dataset in the archive is its own Zenodo record with its own licence field.
nasa_cmapss,dataset,D1,NASA C-MAPSS turbofan degradation,NASA,,NASA Open Data Portal page: 'License not specified'.,unknown,,owner_statement_read,https://data.nasa.gov/dataset/cmapss-jet-engine-simulated-data,No licence stated on the portal page.,,unverified,Candidate for D1: multichannel run-to-failure. URL to be resolved.
tpc_h_ds,benchmark,D3alt,TPC-H and TPC-DS specifications,TPC,,Not read.,unknown,,unread,,Host blocked by the sandbox network policy; run `python scripts/licence_survey.py snapshot` where it is reachable.,,unverified,Licence and result-reporting terms to be read from tpc.org.
cic_ids2017,dataset,T2-security,CIC-IDS2017,Canadian Institute for Cybersecurity,,Dataset page: the data is 'publicly available for researchers' and users should cite the paper. No licence is named.,unknown,,owner_statement_read,https://www.unb.ca/cic/datasets/ids-2017.html,No licence stated.,,unverified,Candidate for security triage. Terms to be read.
hf_qwen3_4b,model,D2,Qwen/Qwen3-4B (checkpoint),Qwen team (Alibaba),weights of this checkpoint,Hugging Face card: license apache-2.0; the repository holds a LICENSE file (fetched).,yes,,primary_text_read,https://huggingface.co/api/models/Qwen/Qwen3-4B https://huggingface.co/Qwen/Qwen3-4B/raw/main/LICENSE,Training-data terms unread.,,adopt,
hf_granite_3_3_8b,model,D2,ibm-granite/granite-3.3-8b-instruct (checkpoint),IBM,weights of this checkpoint,Hugging Face card: license apache-2.0 (card metadata; no LICENSE file in the repository listing).,yes,,owner_statement_read,https://huggingface.co/api/models/ibm-granite/granite-3.3-8b-instruct,No licence file read; training-data terms unread.,,adopt,
hf_gemma4_e4b,model,D2,google/gemma-4-E4B-it (checkpoint),Google,weights of this checkpoint,"Hugging Face card: license apache-2.0, not gated. The Gemma terms page says Gemma 4 has its own licence, and ai.google.dev/gemma/apache_2 is titled 'Apache License 2.0'.",yes,,owner_statement_read,https://huggingface.co/api/models/google/gemma-4-E4B-it https://ai.google.dev/gemma/apache_2,No LICENSE file in the repository listing was read; training-data terms unread.,,adopt,Model id resolved through the HF API (search 'gemma-4'). New since the Gemma 3 custom terms.
hf_gemma4_12b,model,D2,google/gemma-4-12B-it (checkpoint),Google,weights of this checkpoint,"Hugging Face card: license apache-2.0, not gated.",yes,,owner_statement_read,https://huggingface.co/api/models/google/gemma-4-12B-it,No licence file read. Whether it fits an L4 in BF16 must be judged from the parameter count in evidence.jsonl.,,adopt,
hf_llama31_8b,model,D2,meta-llama/Llama-3.1-8B-Instruct (checkpoint),Meta,weights of this checkpoint,"Hugging Face card: license llama3.1 (custom), gated with manual approval; the repository lists a LICENSE file (not readable without approval).",conditions,Llama 3.1 Community Licence: see row llama3.,owner_statement_read,https://huggingface.co/api/models/meta-llama/Llama-3.1-8B-Instruct,The licence text itself was read from the meta-llama/llama-models repository (row llama3).,,adopt_with_conditions,
longbench_v2,benchmark,D2,LongBench v2 (zai-org/LongBench-v2),THUDM / zai-org,dataset,Hugging Face card: license apache-2.0 (metadata). No further licence text on the card.,yes,,owner_statement_read,https://huggingface.co/api/datasets/zai-org/LongBench-v2 https://huggingface.co/datasets/zai-org/LongBench-v2/raw/main/README.md,"The contexts are third-party documents whose terms the card does not address. The datasets server could not serve it (HTTP 501), so no structure probe.",,adopt,
