cell,arm,seed,price,theta_0.5,theta_0.7,theta_0.85,theta_0.95,theta_0.98,theta_0.995,selected,selected_at_grid_edge
m4,cheap,,real,970.4718164923775,771.2951665777548,704.5701092986842,722.8044184370686,819.3402512563312,1018.8168067151207,0.85,False
m4,cheap_adjoint,,real,908.9081370524116,738.4709388598823,670.2093937068369,568.8761681241302,574.5210682571924,681.1553205359087,0.95,False
m4,adjoint,,real,1909.0295785085304,1396.3147427401893,1150.4683722940485,969.0100721503247,1023.2467448534659,1206.1301976542177,0.95,False
m4,direct,0.0,real,9696.822931050272,7301.023438696337,5757.513292698341,5488.108426465933,6238.734708195652,7367.1465467257085,0.95,False
m4,direct,0.0,lookup,886.206719831232,665.0452094120224,561.0344873991002,567.0879258510136,676.2877203716123,871.3021124522091,0.85,False
m4,costate_critic,0.0,real,9717.157225573643,7460.169640921069,5977.534889287545,6357.834646266091,6986.884189001088,8047.548649614327,0.85,False
m4,costate_critic,0.0,lookup,834.1134377809152,645.1230017069353,537.377469503597,604.9438884194323,708.3374233697028,899.4350382513644,0.85,False
m4,costate_randomised,0.0,real,10284.995313032534,8161.581046522376,6786.168415510427,6403.555342140702,7053.25725134088,8074.002566781726,0.95,False
m4,costate_randomised,0.0,lookup,913.9359542613859,712.1230135313108,623.6838258257571,625.7780371211998,728.8792735518836,921.5377372220601,0.85,False
m4,teacher_feature,0.0,lookup,903.4703731139435,640.9910069502196,564.7718516483882,586.4186918652812,684.3784536407762,836.5222145933067,0.85,False
m4,direct,1.0,real,9841.949941551495,7733.526241207424,6247.092745743955,6101.380595388226,6438.661365195168,7212.471604633069,0.95,False
m4,direct,1.0,lookup,897.4101232313537,692.1571548238555,594.1823386966115,621.3511017748176,688.9524952375946,859.700284307568,0.85,False
m4,costate_critic,1.0,real,10758.546867442723,7760.215969259827,6389.609545422452,6539.80895331803,7620.23472901069,8287.960671258357,0.85,False
m4,costate_critic,1.0,lookup,919.1290890022084,654.8501024465706,574.103103174148,632.542151318586,759.9111310971997,910.8116438056203,0.85,False
m4,costate_randomised,1.0,real,11228.594208466944,8221.186520602529,7146.441884677148,6783.374382370093,7025.389173996979,8268.811793570205,0.95,False
m4,costate_randomised,1.0,lookup,964.4041961324576,700.6210254173468,641.4465814053228,663.4610580774785,732.8216370345283,936.3813327736202,0.85,False
m4,teacher_feature,1.0,lookup,840.6468776898886,648.9963702542467,571.7960879050752,607.1458824326465,668.7154965860155,856.5038309758177,0.85,False
m4,direct,2.0,real,9516.13660552938,7068.664670921284,5902.733004702653,5665.110430199534,6285.626050520398,7517.1349586127335,0.95,False
m4,direct,2.0,lookup,855.2411315041555,651.8658196391264,575.0147497853034,589.7659833568301,682.3898413258265,896.1989760014529,0.85,False
m4,costate_critic,2.0,real,10296.943575046655,7570.788646368688,6429.8743718606,5974.239700081003,6972.018156342777,8303.29425768286,0.95,False
m4,costate_critic,2.0,lookup,882.5055962810483,645.9120846482278,575.5663895631814,574.648053341885,705.2652611693543,910.2405763156153,0.95,False
m4,costate_randomised,2.0,real,9906.022885812328,7377.82995584403,6146.853674631987,6380.407652314911,7219.824270570337,8520.526572877994,0.85,False
m4,costate_randomised,2.0,lookup,852.8664527540359,636.1231377904543,567.857121471112,620.9084155673264,748.1510752237199,967.3282242347987,0.85,False
m4,teacher_feature,2.0,lookup,788.9720972348307,624.4062160187459,544.3019889313842,570.0021310515885,624.4454682705094,790.0618355976169,0.85,False
m4,direct,3.0,real,10029.72435951003,7195.2461204677475,5776.37481255552,5911.183615758166,6745.294038875513,7997.525785278912,0.85,False
m4,direct,3.0,lookup,913.7243218259019,664.2008117768631,561.7350522260845,607.8351365874446,720.5336576031478,926.0135647413647,0.85,False
m4,costate_critic,3.0,real,9838.411078800822,7397.191781889632,6265.7000911636605,5843.8322900915755,6155.450805066181,7540.794393727645,0.95,False
m4,costate_critic,3.0,lookup,843.9913337641109,616.4142124986353,555.6575899337445,552.5430041057251,599.9574162440679,795.5764467099274,0.95,False
m4,costate_randomised,3.0,real,9690.308814128952,7242.7059781708485,5930.847076599495,6038.024864257755,6711.801365591383,8118.856173875216,0.85,False
m4,costate_randomised,3.0,lookup,829.6097020783913,619.0928372508016,531.5420374459561,573.0832501283039,677.57590093219,901.8801004623314,0.85,False
m4,teacher_feature,3.0,lookup,822.0103041100256,613.9247812966906,543.6613395758696,512.7816732985294,562.3515516411221,728.5690848832251,0.95,False
m4,direct,4.0,real,11353.710699235065,8630.098095640666,6342.943184531156,6209.489216207098,6666.945771358046,7192.963458886412,0.95,False
m4,direct,4.0,lookup,1033.3934300203073,774.848332682548,596.6829695911678,609.8503403559947,692.5402723724843,814.717548270417,0.85,False
m4,costate_critic,4.0,real,10928.969396744724,7885.799942803123,6048.920469818614,6235.296775557367,7081.067471656048,8457.438494471528,0.85,False
m4,costate_critic,4.0,lookup,979.5552571292192,664.1566116079517,544.0415984041313,593.6355346700525,692.3602998146446,912.3189413126006,0.85,False
m4,costate_randomised,4.0,real,10947.73348497787,8802.767436181364,7070.577759505584,6700.690721816018,7458.296606927368,8582.799838790957,0.95,False
m4,costate_randomised,4.0,lookup,947.0275906702873,749.4296876836268,647.2669729159346,659.0056004994649,770.191890189072,973.023838082441,0.85,False
m4,teacher_feature,4.0,lookup,829.6817296268682,618.2117953840248,546.6072895930947,596.4128349016432,640.8257288993382,840.082224151147,0.85,False
m64,cheap,,real,590.5716151763794,456.7604098517157,458.43355261173963,576.3536337287146,632.0098811594082,690.3053769813725,0.7,False
m64,cheap_adjoint,,real,580.8539235136521,431.9117321390365,385.0705102310201,368.6682285189372,433.6508973171978,534.5206147657543,0.95,False
m64,adjoint,,real,2203.54360468355,1522.8697893101873,1318.858544842234,1233.4513319108419,1183.4059063102727,1422.964578766829,0.98,False
m64,direct,0.0,real,1590.1863173991258,1109.3471535647723,884.2046422558858,826.6667241457188,862.4564402673192,974.8488280353372,0.95,False
m64,direct,0.0,lookup,925.229865887831,672.9915419813645,561.8309127322224,542.9476059172437,580.4019137028539,673.4451197367987,0.95,False
m64,costate_critic,0.0,real,1401.581378627457,985.1391374117927,870.0334561385648,868.987312879928,946.9854454096321,972.1580605053676,0.95,False
m64,costate_critic,0.0,lookup,809.2514361386529,596.4226264376788,548.0781891734546,567.4674823838777,632.7976290309005,665.2935846425321,0.85,False
m64,costate_randomised,0.0,real,1337.5044809283952,994.3531457927186,863.5993433537587,825.5393374004631,907.7406044184166,977.4013686575046,0.95,False
m64,costate_randomised,0.0,lookup,775.8024380761798,605.2610701629827,544.413908069305,539.7513452013374,606.615788654646,669.0327939545585,0.95,False
m64,teacher_feature,0.0,lookup,838.4342246582872,605.2228042661485,552.1755419773509,580.0300489003828,619.8506737638645,682.6876470975128,0.85,False
m64,direct,1.0,real,1600.2960857512717,1187.157355547076,953.9610231163778,844.9899144246276,925.2808749252712,1013.141265826171,0.95,False
m64,direct,1.0,lookup,933.5433349471397,724.2055672716049,604.0848568615605,558.7374533579482,626.4923578848177,703.0072966981684,0.95,False
m64,costate_critic,1.0,real,1465.990997382954,1069.9810041085266,934.5785865469272,883.4907220254864,939.8930849402642,997.8001607353991,0.95,False
m64,costate_critic,1.0,lookup,848.5318629511112,647.6807330049271,590.2222609029972,577.6509945067978,627.6734283150467,684.0784500670661,0.95,False
m64,costate_randomised,1.0,real,1406.2338832948203,981.0789860578647,824.6203001156066,754.7038413004618,868.8159978686856,971.637674081935,0.95,False
m64,costate_randomised,1.0,lookup,803.6722209723274,590.093311536667,519.4990629751287,494.1914877707363,579.6356661907678,665.5230885286963,0.95,False
m64,teacher_feature,1.0,lookup,802.1924931965186,622.7731295541527,561.2496891711447,563.3883607345222,608.0910605078244,656.5450210067987,0.85,False
m64,direct,2.0,real,1721.5755832618622,1208.810875728818,949.0538477508644,965.7342737478325,977.3678481509547,1001.6968721695376,0.85,False
m64,direct,2.0,lookup,1010.9915503942294,744.75882981162,609.2870474506644,642.0927637657076,666.5910968891139,696.9459815674154,0.85,False
m64,costate_critic,2.0,real,1654.3472755112161,1153.0481898398536,963.2841008057947,910.6327425846542,1002.6856964135553,1050.4387217818285,0.95,False
m64,costate_critic,2.0,lookup,933.419634575495,689.937292409951,597.9870545748836,591.8088411221759,662.2651799794719,715.5374743086873,0.95,False
m64,costate_randomised,2.0,real,1755.710082074768,1228.567949576001,1001.476525903826,958.767072934865,982.6629939768225,1101.0785432365706,0.95,False
m64,costate_randomised,2.0,lookup,996.782681966867,739.1152293139261,628.6965381577454,622.4159429168814,652.8868393705346,749.2496986201583,0.95,False
m64,teacher_feature,2.0,lookup,1031.8603567267987,776.8221861843625,687.5605993246028,609.79753423515,651.2183676723771,761.6129923049778,0.95,False
m64,direct,3.0,real,1383.3233260495178,939.9166066756211,773.34928353536,754.7178931890096,849.8954122013512,956.963295328672,0.95,False
m64,direct,3.0,lookup,815.3829043555642,583.7708278020555,499.76074272580166,505.17712182404284,580.7456110691655,666.6704746583881,0.85,False
m64,costate_critic,3.0,real,1459.5188511298809,1095.3167215249698,953.2421254128476,932.9777199117586,1010.8082088138995,1030.1151336335977,0.95,False
m64,costate_critic,3.0,lookup,829.9747657650744,656.3363699249962,596.7530988023155,605.7356710033102,672.8448738012659,706.8934208350963,0.85,False
m64,costate_randomised,3.0,real,2361.52433174034,1767.138252203923,1430.8804274829727,1267.1199488750096,1377.410364138648,1316.684983502002,0.95,False
m64,costate_randomised,3.0,lookup,1341.2333279412178,1060.48558102187,891.1690197645153,823.2181808071333,916.0725275466808,900.3184361844297,0.95,False
m64,teacher_feature,3.0,lookup,1065.783653861359,812.4498882020251,724.3966475794161,719.3363119944205,846.4530647568865,837.6212304386897,0.95,False
m64,direct,4.0,real,1583.774526078897,1114.713415002083,896.35050408768,929.9309940675569,985.2418028848195,1102.8022761400046,0.85,False
m64,direct,4.0,lookup,894.9015569533544,660.279452264427,555.7224427849097,604.2309004042919,659.2814743092285,758.5502168649186,0.85,False
m64,costate_critic,4.0,real,1931.5473215374711,1417.2634047832526,1124.2586319055376,1135.5507526802744,1126.0387478652653,1081.9671460207214,0.995,True
m64,costate_critic,4.0,lookup,1092.170768250972,853.3808484412348,708.2150666229232,740.0920998619049,756.6810587293137,743.3400391787185,0.85,False
m64,costate_randomised,4.0,real,1930.8098972199007,1386.5237391764765,1095.4266220106858,1063.8317251163976,1052.2246445827848,1081.0151969849378,0.98,False
m64,costate_randomised,4.0,lookup,1101.8890345717891,831.0738339800349,687.9836607110792,696.630201914988,706.954913463514,742.5006627608417,0.85,False
m64,teacher_feature,4.0,lookup,859.7571619906699,673.6602560582329,628.6000418951303,638.3350630239881,698.4587889044526,712.0346291249016,0.85,False
