cell,arm,seed,head_width,head_parameters,estimator_parameters,head_epochs,head_val_rmse_log10,target_std_log10,head_val_spearman_within_state,estimator_epochs,estimator_hit_max_epochs,estimator_val_error_true_costate,estimator_train_error_true_costate,estimator_floor_met,flops_per_interval,steps_per_interval,lookup_price_scale,training_flops_steps
m4,direct,0,30,1621,0,32,0.4579245158599017,2.5577407319977645,0.6952584293122108,,,,,,4261,20.887254901960784,0.05702886646327153,92117615.05882353
m4,costate_critic,0,8,281,1380,40,0.4945035022901832,2.5577407319977645,0.6634495660883797,200.0,True,0.7978029890490209,0.7967242550298606,False,4624,22.666666666666668,0.05255190311418685,528835752.9411765
m4,costate_randomised,0,8,281,1380,37,0.5016380101217865,2.5577407319977645,0.6649796709595832,101.0,False,1.0005073565515819,1.000679620423597,,4624,22.666666666666668,0.05255190311418685,276079519.4705882
m4,teacher_feature,0,8,281,0,40,0.30884459964449623,2.5577407319977645,0.8642987751087043,,,,,,1282,6.284313725490196,0.18954758190327614,21470152.94117647
m4,direct,1,30,1621,0,34,0.6193295698618051,2.5400238336762966,0.611913559799357,,,,,,4261,20.887254901960784,0.05702886646327153,98498831.0
m4,costate_critic,1,8,281,1380,22,0.6026313407069739,2.5400238336762966,0.5737173166085694,200.0,True,0.31058726273463644,0.32667541930165866,True,4624,22.666666666666668,0.05255190311418685,522483453.2352941
m4,costate_randomised,1,8,281,1380,34,0.6552119960382953,2.5400238336762966,0.5749193956406078,77.0,False,1.001920084482831,1.0013633475278152,,4624,22.666666666666668,0.05255190311418685,214946801.0
m4,teacher_feature,1,8,281,0,33,0.35134750266159653,2.5400238336762966,0.8365271395692887,,,,,,1282,6.284313725490196,0.18954758190327614,17825779.852941178
m4,direct,2,30,1621,0,40,0.4627058278404652,2.5638603899897627,0.6529888538150936,,,,,,4261,20.887254901960784,0.05702886646327153,116072251.76470588
m4,costate_critic,2,8,281,1380,40,0.4541772597775664,2.5638603899897627,0.6436488017865157,200.0,True,0.3321643148013041,0.3349345391273263,True,4624,22.666666666666668,0.05255190311418685,533085070.5882353
m4,costate_randomised,2,8,281,1380,40,0.5094818959080599,2.5638603899897627,0.6225634939113405,65.0,False,1.00138078398656,1.000885075257465,,4624,22.666666666666668,0.05255190311418685,187861450.5882353
m4,teacher_feature,2,8,281,0,40,0.28228787662747346,2.5638603899897627,0.8561768455780093,,,,,,1282,6.284313725490196,0.18954758190327614,21642670.588235293
m4,direct,3,30,1621,0,40,0.45709165006635855,2.5391855921415845,0.7276757550203664,,,,,,4261,20.887254901960784,0.05702886646327153,116349525.09803921
m4,costate_critic,3,8,281,1380,40,0.4328308545791523,2.5391855921415845,0.7074353963092767,180.0,False,0.35088937139949467,0.3568864437649079,True,4624,22.666666666666668,0.05255190311418685,483092090.5882353
m4,costate_randomised,3,8,281,1380,40,0.48441279401365406,2.5391855921415845,0.716418784737435,61.0,False,1.0019492178531175,1.0010573559447191,,4624,22.666666666666668,0.05255190311418685,178056931.25490198
m4,teacher_feature,3,8,281,0,40,0.2690194337108896,2.5391855921415845,0.8927852963911723,,,,,,1282,6.284313725490196,0.18954758190327614,21694370.588235293
m4,direct,4,30,1621,0,38,0.6290890144399849,2.5225137730328853,0.6335255258588807,,,,,,4261,20.887254901960784,0.05702886646327153,109853099.86274509
m4,costate_critic,4,8,281,1380,27,0.6344210419193986,2.5225137730328853,0.5597019699059972,200.0,True,0.36728352499623135,0.372586076711102,True,4624,22.666666666666668,0.05255190311418685,524068817.10784316
m4,costate_randomised,4,8,281,1380,28,0.6708633227696293,2.5225137730328853,0.587574367322838,101.0,False,1.0005837135164215,1.0005751322880116,,4624,22.666666666666668,0.05255190311418685,272397886.9019608
m4,teacher_feature,4,8,281,0,40,0.34809260676749487,2.5225137730328853,0.8432805974471568,,,,,,1282,6.284313725490196,0.18954758190327614,21561111.76470588
m64,direct,0,30,7021,0,16,0.6980485548946254,2.359250385105813,0.2735761082099977,,,,,,18601,1.0530457427536233,0.15499166711467124,2065086.954710145
m64,costate_critic,0,8,1721,5280,12,0.7412505966392785,2.359250385105813,0.24480788846766313,200.0,True,0.6550321369210066,0.6532443834617104,False,19264,1.0905797101449275,0.14965739202657807,19982205.409873188
m64,costate_randomised,0,8,1721,5280,12,0.7375557122967866,2.359250385105813,0.2501207237037631,71.0,False,1.0008416921281011,1.0009179891945101,,19264,1.0905797101449275,0.14965739202657807,7339301.47509058
m64,teacher_feature,0,8,1721,0,23,0.45138221630739783,2.359250385105813,0.6928622010433058,,,,,,8062,0.4564085144927536,0.35760357231456213,729874.2578125
m64,direct,1,30,7021,0,13,0.6644371138478732,2.3558601490353333,0.30958891351386036,,,,,,18601,1.0530457427536233,0.15499166711467124,1674663.8402400361
m64,costate_critic,1,8,1721,5280,33,0.6338002530612004,2.3558601490353333,0.328136155134354,200.0,True,0.6779358448034992,0.6652621338384489,False,19264,1.0905797101449275,0.14965739202657807,20608994.38915308
m64,costate_randomised,1,8,1721,5280,40,0.6436357104218381,2.3558601490353333,0.3925213437603532,74.0,False,1.0010129396724405,1.0009128761882435,,19264,1.0905797101449275,0.14965739202657807,8505514.392210145
m64,teacher_feature,1,8,1721,0,40,0.372570765533645,2.3558601490353333,0.7660956266887431,,,,,,8062,0.4564085144927536,0.35760357231456213,1266911.0733695652
m64,direct,2,30,7021,0,13,0.6808105999433325,2.3474337700182466,0.27843955888832805,,,,,,18601,1.0530457427536233,0.15499166711467124,1671251.3711503623
m64,costate_critic,2,8,1721,5280,40,0.6357533690127962,2.3474337700182466,0.3247405275186158,200.0,True,0.6609432562442726,0.655062893070624,False,19264,1.0905797101449275,0.14965739202657807,20788257.019927535
m64,costate_randomised,2,8,1721,5280,27,0.6737080570710595,2.3474337700182466,0.296330360797403,74.0,False,1.0011673404238515,1.001248677903349,,19264,1.0905797101449275,0.14965739202657807,8077275.589900362
m64,teacher_feature,2,8,1721,0,25,0.44180545122776366,2.3474337700182466,0.7044153495246694,,,,,,8062,0.4564085144927536,0.35760357231456213,790205.9273097826
m64,direct,3,30,7021,0,14,0.7363792502689516,2.3433094327146935,0.30560541292693905,,,,,,18601,1.0530457427536233,0.15499166711467124,1796203.541213768
m64,costate_critic,3,8,1721,5280,40,0.6481083834186102,2.3433094327146935,0.3984509938427957,200.0,True,0.6841736039397204,0.6629864493695459,False,19264,1.0905797101449275,0.14965739202657807,20746611.096014492
m64,costate_randomised,3,8,1721,5280,13,0.7752600199450093,2.3433094327146935,0.2956516017781342,82.0,False,1.0006045284363851,1.0007870505541596,,19264,1.0905797101449275,0.14965739202657807,8398857.838088768
m64,teacher_feature,3,8,1721,0,26,0.4862718311815193,2.3433094327146935,0.6871049076696195,,,,,,8062,0.4564085144927536,0.35760357231456213,820167.7921195652
m64,direct,4,30,7021,0,23,0.6973785976349577,2.362508135042557,0.34092581037367714,,,,,,18601,1.0530457427536233,0.15499166711467124,2956905.2916666665
m64,costate_critic,4,8,1721,5280,10,0.7176407607114964,2.362508135042557,0.3076896836959045,200.0,True,0.6719186849811558,0.659831363218957,False,19264,1.0905797101449275,0.14965739202657807,19840519.47463768
m64,costate_randomised,4,8,1721,5280,10,0.7235060942432817,2.362508135042557,0.30395068662284813,67.0,False,1.0008925460753795,1.0008728788707864,,19264,1.0905797101449275,0.14965739202657807,6856774.199275362
m64,teacher_feature,4,8,1721,0,40,0.4544746286783811,2.362508135042557,0.7186479929855836,,,,,,8062,0.4564085144927536,0.35760357231456213,1264361.956521739
