arm,seed,split,condition,rmse_norm,rmse_norm_h1,rmse_norm_h2,rmse_norm_h3,rmse_norm_h4,rmse_native,rmse_native_cartesian,rmse_native_gripper,rmse_native_joints,visual_cos,cover_1sigma,cover_2sigma,num_windows,num_episodes
hybrid_adjoint_rwm,0,test,actions_shuffled,0.31857862433353235,0.18961327791692292,0.290861818287476,0.36294659065251494,0.43089281047721567,0.5750003176562732,0.07732950191856236,0.057766017949157054,0.8096819770933417,0.7717978682616116,0.4610444322167962,0.6856343283582088,4154,50
hybrid_adjoint_rwm,0,test,nominal,0.26608188425173857,0.12975152530365175,0.2321346068767994,0.3125379302297133,0.38990347459678976,0.5533446611496742,0.03259697925255748,0.04160457701106945,0.7817771875276389,0.7777743626872337,0.853471696815462,0.954505983905358,4154,50
hybrid_adjoint_rwm,1,test,actions_shuffled,0.31339588471252633,0.18625256421036585,0.28547286270815075,0.3572590897496819,0.4245990221819067,0.5636649594955636,0.07243789128043371,0.05731045482274462,0.7939858461664779,0.7722137271584955,0.4724276085012724,0.6988229933282896,4154,50
hybrid_adjoint_rwm,1,test,nominal,0.264417576890062,0.12920903003085027,0.2310192922036177,0.3105347450800674,0.3869072402457126,0.5455051523816126,0.03300072415719912,0.041953675338744695,0.7706604972844564,0.7775386397385581,0.85284837334067,0.9559460760712566,4154,50
persistence,0,test,nominal,0.20207267250559946,0.10512961745817413,0.18051806756944883,0.23303953353236415,0.2896034714624108,0.346883051452054,0.0608336839799704,0.06945652883596279,0.48645529771451534,,,,4154,50
persistence,1,test,nominal,0.20207267250559946,0.10512961745817413,0.18051806756944883,0.23303953353236415,0.2896034714624108,0.346883051452054,0.0608336839799704,0.06945652883596279,0.48645529771451534,,,,4154,50
ridge,0,test,actions_shuffled,0.9067595167197495,0.4289012714756613,0.8486813106703732,1.1299481999485697,1.2195072847843937,0.8725316685504341,0.2684585648830411,0.16234746511783127,1.205153347037524,,,,4154,50
ridge,0,test,nominal,0.11020845944218163,0.07801076320840016,0.10101139598452039,0.12113388849663555,0.14067779007917047,0.21026666387730225,0.034195090420793675,0.045270431343022,0.2947018465393412,,,,4154,50
ridge,1,test,actions_shuffled,0.9067595167197495,0.4289012714756613,0.8486813106703732,1.1299481999485697,1.2195072847843937,0.8725316685504341,0.2684585648830411,0.16234746511783127,1.205153347037524,,,,4154,50
ridge,1,test,nominal,0.11020845944218163,0.07801076320840016,0.10101139598452039,0.12113388849663555,0.14067779007917047,0.21026666387730225,0.034195090420793675,0.045270431343022,0.2947018465393412,,,,4154,50
